room_rate_record_id,room_name,room_size_sqm,starting_price_php,availability_note,search_id,check_in_date,check_out_date,day_type,number_of_nights,number_of_rooms,number_of_adults,number_of_children,currency,rate_display_type,tax_status,booking_url,collection_timestamp,verification_method,rate_plan_name,rate_plan_price_php,breakfast_included,cancellation_policy,room_size_note,cancellation_window_days,modification_allowed,payment_requirement,late_cancellation_penalty,check_in_time,check_out_time,children_policy,rate_inclusions,rate_details_text
1,Superior King,29.0,11900,,1,2026-09-14,2026-09-15,Weekday,1,1,2,0,PHP,Starting from,Taxes included,https://www.simplebooking.it/ibe2/hotel/6757?lang=EN&cur=PHP&guests=A%2CA&in=2026-09-14&out=2026-09-15,2026-09-02T16:56:27+02:00,Manual visual verification,Best Available Rate,11900,True,Free cancellation or modification until 7 days before arrival,,7,True,"Reservation guarantee required through credit card, cash payment, or bank deposit",One room night,2:00 PM,11:00 AM,Children 12 years and below may share existing bedding. Children 0 to 5 receive complimentary breakfast. Children 6 to 12 receive 50 percent off the buffet breakfast rate.,Overnight stay for 2 adults and 2 children aged 12 years and below | Breakfast for 2 adults and 2 children aged 5 years and below | Hotel facilities | WiFi | 1 parking slot,
2,Superior Twin,29.0,11900,,1,2026-09-14,2026-09-15,Weekday,1,1,2,0,PHP,Starting from,Taxes included,https://www.simplebooking.it/ibe2/hotel/6757?lang=EN&cur=PHP&guests=A%2CA&in=2026-09-14&out=2026-09-15,2026-09-02T16:56:27+02:00,Manual visual verification,Best Available Rate,11900,True,Free cancellation or modification until 7 days before arrival,,7,True,"Reservation guarantee required through credit card, cash payment, or bank deposit",One room night,2:00 PM,11:00 AM,Children 12 years and below may share existing bedding. Children 0 to 5 receive complimentary breakfast. Children 6 to 12 receive 50 percent off the buffet breakfast rate.,Overnight stay for 2 adults and 2 children aged 12 years and below | Breakfast for 2 adults and 2 children aged 5 years and below | Hotel facilities | WiFi | 1 parking slot,
3,Deluxe King,34.0,12900,,1,2026-09-14,2026-09-15,Weekday,1,1,2,0,PHP,Starting from,Taxes included,https://www.simplebooking.it/ibe2/hotel/6757?lang=EN&cur=PHP&guests=A%2CA&in=2026-09-14&out=2026-09-15,2026-09-02T16:56:27+02:00,Manual visual verification,Best Available Rate,12900,True,Free cancellation or modification until 7 days before arrival,,7,True,"Reservation guarantee required through credit card, cash payment, or bank deposit",One room night,2:00 PM,11:00 AM,Children 12 years and below may share existing bedding. Children 0 to 5 receive complimentary breakfast. Children 6 to 12 receive 50 percent off the buffet breakfast rate.,Overnight stay for 2 adults and 2 children aged 12 years and below | Breakfast for 2 adults and 2 children aged 5 years and below | Hotel facilities | WiFi | 1 parking slot,
4,Deluxe Queen,34.0,12900,,1,2026-09-14,2026-09-15,Weekday,1,1,2,0,PHP,Starting from,Taxes included,https://www.simplebooking.it/ibe2/hotel/6757?lang=EN&cur=PHP&guests=A%2CA&in=2026-09-14&out=2026-09-15,2026-09-02T16:56:27+02:00,Manual visual verification,Best Available Rate,12900,True,Free cancellation or modification until 7 days before arrival,,7,True,"Reservation guarantee required through credit card, cash payment, or bank deposit",One room night,2:00 PM,11:00 AM,Children 12 years and below may share existing bedding. Children 0 to 5 receive complimentary breakfast. Children 6 to 12 receive 50 percent off the buffet breakfast rate.,Overnight stay for 2 adults and 2 children aged 12 years and below | Breakfast for 2 adults and 2 children aged 5 years and below | Hotel facilities | WiFi | 1 parking slot,
5,Deluxe Twin,34.0,12900,,1,2026-09-14,2026-09-15,Weekday,1,1,2,0,PHP,Starting from,Taxes included,https://www.simplebooking.it/ibe2/hotel/6757?lang=EN&cur=PHP&guests=A%2CA&in=2026-09-14&out=2026-09-15,2026-09-02T16:56:27+02:00,Manual visual verification,Best Available Rate,12900,True,Free cancellation or modification until 7 days before arrival,,7,True,"Reservation guarantee required through credit card, cash payment, or bank deposit",One room night,2:00 PM,11:00 AM,Children 12 years and below may share existing bedding. Children 0 to 5 receive complimentary breakfast. Children 6 to 12 receive 50 percent off the buffet breakfast rate.,Overnight stay for 2 adults and 2 children aged 12 years and below | Breakfast for 2 adults and 2 children aged 5 years and below | Hotel facilities | WiFi | 1 parking slot,
6,Deluxe Mountain,29.0,11900,,1,2026-09-14,2026-09-15,Weekday,1,1,2,0,PHP,Starting from,Taxes included,https://www.simplebooking.it/ibe2/hotel/6757?lang=EN&cur=PHP&guests=A%2CA&in=2026-09-14&out=2026-09-15,2026-09-02T16:56:27+02:00,Manual visual verification,Best Available Rate,11900,True,Free cancellation or modification until 7 days before arrival,,7,True,"Reservation guarantee required through credit card, cash payment, or bank deposit",One room night,2:00 PM,11:00 AM,Children 12 years and below may share existing bedding. Children 0 to 5 receive complimentary breakfast. Children 6 to 12 receive 50 percent off the buffet breakfast rate.,Overnight stay for 2 adults and 2 children aged 12 years and below | Breakfast for 2 adults and 2 children aged 5 years and below | Hotel facilities | WiFi | 1 parking slot,
7,Ridge,37.0,17500,,1,2026-09-14,2026-09-15,Weekday,1,1,2,0,PHP,Starting from,Taxes included,https://www.simplebooking.it/ibe2/hotel/6757?lang=EN&cur=PHP&guests=A%2CA&in=2026-09-14&out=2026-09-15,2026-09-02T16:56:27+02:00,Manual visual verification,Best Available Rate,17500,True,Free cancellation or modification until 7 days before arrival,,7,True,"Reservation guarantee required through credit card, cash payment, or bank deposit",One room night,2:00 PM,11:00 AM,Children 12 years and below may share existing bedding. Children 0 to 5 receive complimentary breakfast. Children 6 to 12 receive 50 percent off the buffet breakfast rate.,Overnight stay for 2 adults and 2 children aged 12 years and below | Breakfast for 2 adults and 2 children aged 5 years and below | Hotel facilities | WiFi | 1 parking slot,
8,Premier Queen,38.0,20000,,1,2026-09-14,2026-09-15,Weekday,1,1,2,0,PHP,Starting from,Taxes included,https://www.simplebooking.it/ibe2/hotel/6757?lang=EN&cur=PHP&guests=A%2CA&in=2026-09-14&out=2026-09-15,2026-09-02T16:56:27+02:00,Manual visual verification,Best Available Rate,20000,True,Free cancellation or modification until 7 days before arrival,,7,True,"Reservation guarantee required through credit card, cash payment, or bank deposit",One room night,2:00 PM,11:00 AM,Children 12 years and below may share existing bedding. Children 0 to 5 receive complimentary breakfast. Children 6 to 12 receive 50 percent off the buffet breakfast rate.,Overnight stay for 2 adults and 2 children aged 12 years and below | Breakfast for 2 adults and 2 children aged 5 years and below | Hotel facilities | WiFi | 1 parking slot,
9,Deluxe Suite One Bedroom,62.0,23100,Only 2 left,1,2026-09-14,2026-09-15,Weekday,1,1,2,0,PHP,Starting from,Taxes included,https://www.simplebooking.it/ibe2/hotel/6757?lang=EN&cur=PHP&guests=A%2CA&in=2026-09-14&out=2026-09-15,2026-09-02T16:56:27+02:00,Manual visual verification,Best Available Rate,23100,True,Free cancellation or modification until 7 days before arrival,,7,True,"Reservation guarantee required through credit card, cash payment, or bank deposit",One room night,2:00 PM,11:00 AM,Children 12 years and below may share existing bedding. Children 0 to 5 receive complimentary breakfast. Children 6 to 12 receive 50 percent off the buffet breakfast rate.,Overnight stay for 2 adults and 2 children aged 12 years and below | Breakfast for 2 adults and 2 children aged 5 years and below | Hotel facilities | WiFi | 1 parking slot,
10,Deluxe Suite Mountain Two Bedroom,92.0,33357,Only 2 left,1,2026-09-14,2026-09-15,Weekday,1,1,2,0,PHP,Starting from,Taxes included,https://www.simplebooking.it/ibe2/hotel/6757?lang=EN&cur=PHP&guests=A%2CA&in=2026-09-14&out=2026-09-15,2026-09-02T16:56:27+02:00,Manual visual verification,Best Available Rate,33357,True,Free cancellation or modification until 7 days before arrival,,7,True,"Reservation guarantee required through credit card, cash payment, or bank deposit",One room night,2:00 PM,11:00 AM,Children 12 years and below may share existing bedding. Children 0 to 5 receive complimentary breakfast. Children 6 to 12 receive 50 percent off the buffet breakfast rate.,Overnight stay for 4 adults and 2 children aged 12 years and below | Breakfast for 4 adults and 2 children aged 5 years and below | Hotel facilities | WiFi | 1 parking slot,
11,Deluxe Suite Two Bedroom,62.0,33357,Only 2 left,1,2026-09-14,2026-09-15,Weekday,1,1,2,0,PHP,Starting from,Taxes included,https://www.simplebooking.it/ibe2/hotel/6757?lang=EN&cur=PHP&guests=A%2CA&in=2026-09-14&out=2026-09-15,2026-09-02T16:56:27+02:00,Manual visual verification,Best Available Rate,33357,True,Free cancellation or modification until 7 days before arrival,,7,True,"Reservation guarantee required through credit card, cash payment, or bank deposit",One room night,2:00 PM,11:00 AM,Children 12 years and below may share existing bedding. Children 0 to 5 receive complimentary breakfast. Children 6 to 12 receive 50 percent off the buffet breakfast rate.,Overnight stay for 4 adults and 2 children aged 12 years and below | Breakfast for 4 adults and 2 children aged 5 years and below | Hotel facilities | WiFi | 1 parking slot,
12,Taal Suite One Bedroom,78.0,25900,Only 1 left,1,2026-09-14,2026-09-15,Weekday,1,1,2,0,PHP,Starting from,Taxes included,https://www.simplebooking.it/ibe2/hotel/6757?lang=EN&cur=PHP&guests=A%2CA&in=2026-09-14&out=2026-09-15,2026-09-02T16:56:27+02:00,Manual visual verification,Best Available Rate,25900,True,Free cancellation or modification until 7 days before arrival,,7,True,"Reservation guarantee required through credit card, cash payment, or bank deposit",One room night,2:00 PM,11:00 AM,Children 12 years and below may share existing bedding. Children 0 to 5 receive complimentary breakfast. Children 6 to 12 receive 50 percent off the buffet breakfast rate.,Overnight stay for 2 adults and 2 children aged 12 years and below | Breakfast for 2 adults and 2 children aged 5 years and below | Hotel facilities | WiFi | 1 parking slot,
13,Taal Suite Two Bedroom,112.0,35200,Only 1 left,1,2026-09-14,2026-09-15,Weekday,1,1,2,0,PHP,Starting from,Taxes included,https://www.simplebooking.it/ibe2/hotel/6757?lang=EN&cur=PHP&guests=A%2CA&in=2026-09-14&out=2026-09-15,2026-09-02T16:56:27+02:00,Manual visual verification,Best Available Rate,35200,True,Free cancellation or modification until 7 days before arrival,,7,True,"Reservation guarantee required through credit card, cash payment, or bank deposit",One room night,2:00 PM,11:00 AM,Children 12 years and below may share existing bedding. Children 0 to 5 receive complimentary breakfast. Children 6 to 12 receive 50 percent off the buffet breakfast rate.,Overnight stay for 4 adults and 2 children aged 12 years and below | Breakfast for 4 adults and 2 children aged 5 years and below | Hotel facilities | WiFi | 1 parking slot,
14,Tagaytay Suite One Bedroom,165.0,39220,Only 1 left,1,2026-09-14,2026-09-15,Weekday,1,1,2,0,PHP,Starting from,Taxes included,https://www.simplebooking.it/ibe2/hotel/6757?lang=EN&cur=PHP&guests=A%2CA&in=2026-09-14&out=2026-09-15,2026-09-02T16:56:27+02:00,Manual visual verification,Best Available Rate,39220,True,Free cancellation or modification until 7 days before arrival,Displayed as 165 sqm; room description states 196 sqm,7,True,"Reservation guarantee required through credit card, cash payment, or bank deposit",One room night,2:00 PM,11:00 AM,Children 12 years and below may share existing bedding. Children 0 to 5 receive complimentary breakfast. Children 6 to 12 receive 50 percent off the buffet breakfast rate.,Overnight stay for 2 adults and 2 children aged 12 years and below | Breakfast for 2 adults and 2 children aged 5 years and below | Hotel facilities | WiFi | 1 parking slot,
15,Tagaytay Suite Two Bedroom,196.0,54700,Only 1 left,1,2026-09-14,2026-09-15,Weekday,1,1,2,0,PHP,Starting from,Taxes included,https://www.simplebooking.it/ibe2/hotel/6757?lang=EN&cur=PHP&guests=A%2CA&in=2026-09-14&out=2026-09-15,2026-09-02T16:56:27+02:00,Manual visual verification,Best Available Rate,54700,True,Free cancellation or modification until 7 days before arrival,,7,True,"Reservation guarantee required through credit card, cash payment, or bank deposit",One room night,2:00 PM,11:00 AM,Children 12 years and below may share existing bedding. Children 0 to 5 receive complimentary breakfast. Children 6 to 12 receive 50 percent off the buffet breakfast rate.,Overnight stay for 4 adults and 2 children aged 12 years and below | Breakfast for 4 adults and 2 children aged 5 years and below | Hotel facilities | WiFi | 1 parking slot,
16,Presidential Villa,630.0,208300,Only 1 left,1,2026-09-14,2026-09-15,Weekday,1,1,2,0,PHP,Starting from,Taxes included,https://www.simplebooking.it/ibe2/hotel/6757?lang=EN&cur=PHP&guests=A%2CA&in=2026-09-14&out=2026-09-15,2026-09-02T16:56:27+02:00,Manual visual verification,Presidential Preferred,208300,True,Nonrefundable. Modification or cancellation is not allowed.,Displayed as 630 sqm; room description states 630.2 sqm,0,False,Full prepayment required,Full prepayment forfeited for no show,2:00 PM,11:00 AM,Children 12 years and below may share existing bedding. Children 0 to 5 receive complimentary breakfast. Children 6 to 12 receive 50 percent off the buffet breakfast rate.,Breakfast for 6 adults and 6 children aged 5 years and below | Filipino or Continental breakfast | Fully stocked minibar | Welcome drinks | Welcome amenities | Turndown amenities | 24 hour butler service,
17,Superior King,29.0,8000,,2,2026-09-19,2026-09-20,Weekend,1,1,2,0,PHP,Total for one night,Taxes included,https://www.simplebooking.it/ibe2/hotel/6757?lang=EN&cur=PHP&guests=A%2CA&in=2026-09-19&out=2026-09-20,2026-09-02T18:31:55,Selenium browser extraction,"Rain, Rain Getaway!",8000,True,Nonrefundable,,0,False,Full prepayment required,Full prepayment forfeited,2:00 PM,11:00 AM,Children 12 years and below may share existing bedding. Children 0 to 5 receive complimentary breakfast. Children 6 to 12 receive 50 percent off the buffet breakfast rate.,,"Rain, Rain Getaway!

Escape the rain with a cozy stay, delightful perks, and timeless Tagaytay views. INCLUSIONS: - Overnight stay for two adults and two children aged 12 years and below. - Buffet breakfast for two adults and two children aged 5 years and below. - Php1,000.00 worth of Dining Credit - Brickseum Entrance Ticket for 2 persons. - 10% discount on all Kultura Butik and Malls. - 15% discount at Rain, the Spa - Use of hotel facilities (gym, game room, kids’ club and swimming pool), Wi-Fi access and one parking slot. TERMS & CONDITIONS: - Room rates are inclusive of all applicable taxes. - The promotion is valid for Saturday stays only during the promo period. - The dining credit is valid only during the guest's stay and must be consumed within the booked stay dates. Any unused dining credit shall be forfeited and is non-transferable, non-refundable, non-convertible to cash, and not valid for future use. - Full payment is required upon booking. - Reservation is non-refundable, non-cancellable, and non-amendable once confirmed. - Offer cannot be combined with other promotions, discounts, or privileges unless otherwise stated. - Not applicable for holidays, long weekends and hotel’s peak dates. - Children below 5 years old enjoy a complimentary buffet breakfast, while children 6 to 12 years old enjoy a 50% discount from the prevailing buffet rate. - Additional charges may apply for extra persons beyond the stated inclusions, payable directly to the hotel. DTI Fair Trade Permit No. R4A-CVT 100101 Series of 2026

See more
Not refundable

Breakfast Included

₱8,000
Reserve"
18,Superior King,29.0,8000,,2,2026-09-19,2026-09-20,Weekend,1,1,2,0,PHP,Total for one night,Taxes included,https://www.simplebooking.it/ibe2/hotel/6757?lang=EN&cur=PHP&guests=A%2CA&in=2026-09-19&out=2026-09-20,2026-09-02T18:31:55,Selenium browser extraction,Weekend Feast Escape,10500,True,Nonrefundable,,0,False,Full prepayment required,Full prepayment forfeited,2:00 PM,11:00 AM,Children 12 years and below may share existing bedding. Children 0 to 5 receive complimentary breakfast. Children 6 to 12 receive 50 percent off the buffet breakfast rate.,,"Weekend Feast Escape

A relaxing overnight stay, a hearty breakfast, and a delicious lunch or dinner buffet at Veranda - best way to spend the weekend at Tagaytay! Inclusions: Superior to one-bedroom suites: • Overnight stay for two adults and two children aged 12 years and below • Buffet breakfast for two adults and two children aged 5 years and below • Lunch or dinner buffet for two adults and two children aged 5 years and below • 15% discount on Rain, The Spa services • Use of hotel facilities (gym, game room, kids’ club, and swimming pool), Wi-Fi access, and one parking slot Two-bedroom suites: • Overnight stay for four adults and two children aged 12 years and below • Buffet breakfast for four adults and two children aged 5 years and below • Lunch or dinner buffet for four adults and two children aged 5 years and below • 15% discount on Rain, The Spa services • Use of hotel facilities (gym, game room, kids’ club, and swimming pool), Wi-Fi access, and one parking slot TERMS AND CONDITIONS: • Booking and stay period valid from 15 February - 20 December 2026, Saturdays only. • Rates are inclusive of all applicable taxes. • Rooms are subject to availability, and prior reservation is required. Blackout dates apply. • Standard extra person charges apply. The maximum capacity of each room must be observed. • Lunch or dinner buffet must be consumed during the stay dates; any unconsumed food and beverage inclusions will be forfeited and cannot be accumulated for any other day or the next stay. • Booking confirmation must be presented to avail of the Kultura discount. The discount applies only to regular-priced items. It is valid only during the exact duration of the stay at Taal Vista Hotel. Not applicable to online transactions or department stores. Standard exclusions apply: food, beverages, cigars, Angeli Glass, and personal care products. • Full pre-payment is required and is non-cancellable and non-refundable upon booking. Modifications or cancellations to the reservation are not allowed. In the case of a no-show, the full pre-payment will be forfeited. • The offer cannot be exchanged for other items or discounts and cannot be used in conjunction with other promotional offers by the property. Senior Citizens and PWDs may either avail of this promotion or the standard discount from the regular rate under Republic Act No. 7432, 7277, and R.A. 9994. Children Policy: • Children 12 years and below can stay and share existing bedding/s in the room. • 0 to 5 years old are entitled to complimentary breakfast; 6 to 12 Years old will be charged 50% off the buffet breakfast rate. Check-in/Check-out Time: • Hotel's standard check-in time is 2 PM and the standard check-out time is 11 AM. Per DTI Fair Trade Permit No. R4A-CVT 100048 Series of 2026

See more
Not refundable

Breakfast Included

₱10,500
Reserve"
19,Superior King,29.0,8000,,2,2026-09-19,2026-09-20,Weekend,1,1,2,0,PHP,Total for one night,Taxes included,https://www.simplebooking.it/ibe2/hotel/6757?lang=EN&cur=PHP&guests=A%2CA&in=2026-09-19&out=2026-09-20,2026-09-02T18:31:55,Selenium browser extraction,Best Available Rate,13100,True,Free cancellation or modification until 7 days before arrival,,7,True,"Reservation guarantee required through credit card, cash payment, or bank deposit",One room night,2:00 PM,11:00 AM,Children 12 years and below may share existing bedding. Children 0 to 5 receive complimentary breakfast. Children 6 to 12 receive 50 percent off the buffet breakfast rate.,,"Best Available Rate

INCLUSIONS: Superior to one-bedroom suites: • Overnight stay for two adults and two children aged 12 years and below • Buffet breakfast for two adults and two children aged 5 years and below • Use of hotel facilities (gym, game room, kids’ club and swimming pool), Wi-Fi access and one parking slot Two-bedrooms suites: • Overnight stay for four adults and two children aged 12 years and below • Buffet breakfast for four adults and two children aged 5 years and below • Use of hotel facilities (gym, game room, kids’ club and swimming pool), Wi-Fi access and one parking slot Presidential Villa: • Overnight stay for six adults and six children aged 12 years and below • Buffet breakfast for six adults and six children aged 5 years and below • Use of hotel facilities (gym, game room, kids’ club and swimming pool), Wi-Fi access and one parking slot TERMS AND CONDITIONS: • Rates are inclusive of applicable taxes. • Rooms are subject to availability. Prior reservation is required. • Standard extra person charges apply. The maximum capacity of each room must be observed. • A guarantee is needed to confirm the reservation, in the form of a credit card, cash payment, or bank deposit. The credit card provided will be used for pre-authorization purposes to guarantee the booking. In case another credit card is used to settle or will opt to pay in cash, reversal of the pre-authorized amount will take place within five to seven banking days. • Booking modifications or cancellations without charges will be permitted up to seven (7) days before the scheduled arrival date. Any changes to the reservation are subject to availability and rate differences. Failure to arrive or provide a late cancellation notice will result in a penalty fee equal to the cost of one (1) room night. Children Policy: • Children 12 years and below can stay and share existing bedding/s in the room. • 0 to 5 years old are entitled to complimentary breakfast; 6 to 12 Years old will be charged 50% off the buffet breakfast rate. Check-in/Check-out Time: • Hotel's standard check-in time is 2 PM and the standard check-out time is 11 AM.

See more

Breakfast Included

₱13,100
Reserve"
20,Superior Twin,29.0,8000,,2,2026-09-19,2026-09-20,Weekend,1,1,2,0,PHP,Total for one night,Taxes included,https://www.simplebooking.it/ibe2/hotel/6757?lang=EN&cur=PHP&guests=A%2CA&in=2026-09-19&out=2026-09-20,2026-09-02T18:31:55,Selenium browser extraction,"Rain, Rain Getaway!",8000,True,Nonrefundable,,0,False,Full prepayment required,Full prepayment forfeited,2:00 PM,11:00 AM,Children 12 years and below may share existing bedding. Children 0 to 5 receive complimentary breakfast. Children 6 to 12 receive 50 percent off the buffet breakfast rate.,,"Rain, Rain Getaway!

Escape the rain with a cozy stay, delightful perks, and timeless Tagaytay views. INCLUSIONS: - Overnight stay for two adults and two children aged 12 years and below. - Buffet breakfast for two adults and two children aged 5 years and below. - Php1,000.00 worth of Dining Credit - Brickseum Entrance Ticket for 2 persons. - 10% discount on all Kultura Butik and Malls. - 15% discount at Rain, the Spa - Use of hotel facilities (gym, game room, kids’ club and swimming pool), Wi-Fi access and one parking slot. TERMS & CONDITIONS: - Room rates are inclusive of all applicable taxes. - The promotion is valid for Saturday stays only during the promo period. - The dining credit is valid only during the guest's stay and must be consumed within the booked stay dates. Any unused dining credit shall be forfeited and is non-transferable, non-refundable, non-convertible to cash, and not valid for future use. - Full payment is required upon booking. - Reservation is non-refundable, non-cancellable, and non-amendable once confirmed. - Offer cannot be combined with other promotions, discounts, or privileges unless otherwise stated. - Not applicable for holidays, long weekends and hotel’s peak dates. - Children below 5 years old enjoy a complimentary buffet breakfast, while children 6 to 12 years old enjoy a 50% discount from the prevailing buffet rate. - Additional charges may apply for extra persons beyond the stated inclusions, payable directly to the hotel. DTI Fair Trade Permit No. R4A-CVT 100101 Series of 2026

See more
Not refundable

Breakfast Included

₱8,000
Reserve"
21,Superior Twin,29.0,8000,,2,2026-09-19,2026-09-20,Weekend,1,1,2,0,PHP,Total for one night,Taxes included,https://www.simplebooking.it/ibe2/hotel/6757?lang=EN&cur=PHP&guests=A%2CA&in=2026-09-19&out=2026-09-20,2026-09-02T18:31:55,Selenium browser extraction,Weekend Feast Escape,10500,True,Nonrefundable,,0,False,Full prepayment required,Full prepayment forfeited,2:00 PM,11:00 AM,Children 12 years and below may share existing bedding. Children 0 to 5 receive complimentary breakfast. Children 6 to 12 receive 50 percent off the buffet breakfast rate.,,"Weekend Feast Escape

A relaxing overnight stay, a hearty breakfast, and a delicious lunch or dinner buffet at Veranda - best way to spend the weekend at Tagaytay! Inclusions: Superior to one-bedroom suites: • Overnight stay for two adults and two children aged 12 years and below • Buffet breakfast for two adults and two children aged 5 years and below • Lunch or dinner buffet for two adults and two children aged 5 years and below • 15% discount on Rain, The Spa services • Use of hotel facilities (gym, game room, kids’ club, and swimming pool), Wi-Fi access, and one parking slot Two-bedroom suites: • Overnight stay for four adults and two children aged 12 years and below • Buffet breakfast for four adults and two children aged 5 years and below • Lunch or dinner buffet for four adults and two children aged 5 years and below • 15% discount on Rain, The Spa services • Use of hotel facilities (gym, game room, kids’ club, and swimming pool), Wi-Fi access, and one parking slot TERMS AND CONDITIONS: • Booking and stay period valid from 15 February - 20 December 2026, Saturdays only. • Rates are inclusive of all applicable taxes. • Rooms are subject to availability, and prior reservation is required. Blackout dates apply. • Standard extra person charges apply. The maximum capacity of each room must be observed. • Lunch or dinner buffet must be consumed during the stay dates; any unconsumed food and beverage inclusions will be forfeited and cannot be accumulated for any other day or the next stay. • Booking confirmation must be presented to avail of the Kultura discount. The discount applies only to regular-priced items. It is valid only during the exact duration of the stay at Taal Vista Hotel. Not applicable to online transactions or department stores. Standard exclusions apply: food, beverages, cigars, Angeli Glass, and personal care products. • Full pre-payment is required and is non-cancellable and non-refundable upon booking. Modifications or cancellations to the reservation are not allowed. In the case of a no-show, the full pre-payment will be forfeited. • The offer cannot be exchanged for other items or discounts and cannot be used in conjunction with other promotional offers by the property. Senior Citizens and PWDs may either avail of this promotion or the standard discount from the regular rate under Republic Act No. 7432, 7277, and R.A. 9994. Children Policy: • Children 12 years and below can stay and share existing bedding/s in the room. • 0 to 5 years old are entitled to complimentary breakfast; 6 to 12 Years old will be charged 50% off the buffet breakfast rate. Check-in/Check-out Time: • Hotel's standard check-in time is 2 PM and the standard check-out time is 11 AM. Per DTI Fair Trade Permit No. R4A-CVT 100048 Series of 2026

See more
Not refundable

Breakfast Included

₱10,500
Reserve"
22,Superior Twin,29.0,8000,,2,2026-09-19,2026-09-20,Weekend,1,1,2,0,PHP,Total for one night,Taxes included,https://www.simplebooking.it/ibe2/hotel/6757?lang=EN&cur=PHP&guests=A%2CA&in=2026-09-19&out=2026-09-20,2026-09-02T18:31:55,Selenium browser extraction,Best Available Rate,13100,True,Free cancellation or modification until 7 days before arrival,,7,True,"Reservation guarantee required through credit card, cash payment, or bank deposit",One room night,2:00 PM,11:00 AM,Children 12 years and below may share existing bedding. Children 0 to 5 receive complimentary breakfast. Children 6 to 12 receive 50 percent off the buffet breakfast rate.,,"Best Available Rate

INCLUSIONS: Superior to one-bedroom suites: • Overnight stay for two adults and two children aged 12 years and below • Buffet breakfast for two adults and two children aged 5 years and below • Use of hotel facilities (gym, game room, kids’ club and swimming pool), Wi-Fi access and one parking slot Two-bedrooms suites: • Overnight stay for four adults and two children aged 12 years and below • Buffet breakfast for four adults and two children aged 5 years and below • Use of hotel facilities (gym, game room, kids’ club and swimming pool), Wi-Fi access and one parking slot Presidential Villa: • Overnight stay for six adults and six children aged 12 years and below • Buffet breakfast for six adults and six children aged 5 years and below • Use of hotel facilities (gym, game room, kids’ club and swimming pool), Wi-Fi access and one parking slot TERMS AND CONDITIONS: • Rates are inclusive of applicable taxes. • Rooms are subject to availability. Prior reservation is required. • Standard extra person charges apply. The maximum capacity of each room must be observed. • A guarantee is needed to confirm the reservation, in the form of a credit card, cash payment, or bank deposit. The credit card provided will be used for pre-authorization purposes to guarantee the booking. In case another credit card is used to settle or will opt to pay in cash, reversal of the pre-authorized amount will take place within five to seven banking days. • Booking modifications or cancellations without charges will be permitted up to seven (7) days before the scheduled arrival date. Any changes to the reservation are subject to availability and rate differences. Failure to arrive or provide a late cancellation notice will result in a penalty fee equal to the cost of one (1) room night. Children Policy: • Children 12 years and below can stay and share existing bedding/s in the room. • 0 to 5 years old are entitled to complimentary breakfast; 6 to 12 Years old will be charged 50% off the buffet breakfast rate. Check-in/Check-out Time: • Hotel's standard check-in time is 2 PM and the standard check-out time is 11 AM.

See more

Breakfast Included

₱13,100
Reserve"
23,Deluxe King,34.0,9000,,2,2026-09-19,2026-09-20,Weekend,1,1,2,0,PHP,Total for one night,Taxes included,https://www.simplebooking.it/ibe2/hotel/6757?lang=EN&cur=PHP&guests=A%2CA&in=2026-09-19&out=2026-09-20,2026-09-02T18:31:55,Selenium browser extraction,"Rain, Rain Getaway!",9000,True,Nonrefundable,,0,False,Full prepayment required,Full prepayment forfeited,2:00 PM,11:00 AM,Children 12 years and below may share existing bedding. Children 0 to 5 receive complimentary breakfast. Children 6 to 12 receive 50 percent off the buffet breakfast rate.,,"Rain, Rain Getaway!

Escape the rain with a cozy stay, delightful perks, and timeless Tagaytay views. INCLUSIONS: - Overnight stay for two adults and two children aged 12 years and below. - Buffet breakfast for two adults and two children aged 5 years and below. - Php1,000.00 worth of Dining Credit - Brickseum Entrance Ticket for 2 persons. - 10% discount on all Kultura Butik and Malls. - 15% discount at Rain, the Spa - Use of hotel facilities (gym, game room, kids’ club and swimming pool), Wi-Fi access and one parking slot. TERMS & CONDITIONS: - Room rates are inclusive of all applicable taxes. - The promotion is valid for Saturday stays only during the promo period. - The dining credit is valid only during the guest's stay and must be consumed within the booked stay dates. Any unused dining credit shall be forfeited and is non-transferable, non-refundable, non-convertible to cash, and not valid for future use. - Full payment is required upon booking. - Reservation is non-refundable, non-cancellable, and non-amendable once confirmed. - Offer cannot be combined with other promotions, discounts, or privileges unless otherwise stated. - Not applicable for holidays, long weekends and hotel’s peak dates. - Children below 5 years old enjoy a complimentary buffet breakfast, while children 6 to 12 years old enjoy a 50% discount from the prevailing buffet rate. - Additional charges may apply for extra persons beyond the stated inclusions, payable directly to the hotel. DTI Fair Trade Permit No. R4A-CVT 100101 Series of 2026

See more
Not refundable

Breakfast Included

₱9,000
Reserve"
24,Deluxe King,34.0,9000,,2,2026-09-19,2026-09-20,Weekend,1,1,2,0,PHP,Total for one night,Taxes included,https://www.simplebooking.it/ibe2/hotel/6757?lang=EN&cur=PHP&guests=A%2CA&in=2026-09-19&out=2026-09-20,2026-09-02T18:31:55,Selenium browser extraction,Weekend Feast Escape,12500,True,Nonrefundable,,0,False,Full prepayment required,Full prepayment forfeited,2:00 PM,11:00 AM,Children 12 years and below may share existing bedding. Children 0 to 5 receive complimentary breakfast. Children 6 to 12 receive 50 percent off the buffet breakfast rate.,,"Weekend Feast Escape

A relaxing overnight stay, a hearty breakfast, and a delicious lunch or dinner buffet at Veranda - best way to spend the weekend at Tagaytay! Inclusions: Superior to one-bedroom suites: • Overnight stay for two adults and two children aged 12 years and below • Buffet breakfast for two adults and two children aged 5 years and below • Lunch or dinner buffet for two adults and two children aged 5 years and below • 15% discount on Rain, The Spa services • Use of hotel facilities (gym, game room, kids’ club, and swimming pool), Wi-Fi access, and one parking slot Two-bedroom suites: • Overnight stay for four adults and two children aged 12 years and below • Buffet breakfast for four adults and two children aged 5 years and below • Lunch or dinner buffet for four adults and two children aged 5 years and below • 15% discount on Rain, The Spa services • Use of hotel facilities (gym, game room, kids’ club, and swimming pool), Wi-Fi access, and one parking slot TERMS AND CONDITIONS: • Booking and stay period valid from 15 February - 20 December 2026, Saturdays only. • Rates are inclusive of all applicable taxes. • Rooms are subject to availability, and prior reservation is required. Blackout dates apply. • Standard extra person charges apply. The maximum capacity of each room must be observed. • Lunch or dinner buffet must be consumed during the stay dates; any unconsumed food and beverage inclusions will be forfeited and cannot be accumulated for any other day or the next stay. • Booking confirmation must be presented to avail of the Kultura discount. The discount applies only to regular-priced items. It is valid only during the exact duration of the stay at Taal Vista Hotel. Not applicable to online transactions or department stores. Standard exclusions apply: food, beverages, cigars, Angeli Glass, and personal care products. • Full pre-payment is required and is non-cancellable and non-refundable upon booking. Modifications or cancellations to the reservation are not allowed. In the case of a no-show, the full pre-payment will be forfeited. • The offer cannot be exchanged for other items or discounts and cannot be used in conjunction with other promotional offers by the property. Senior Citizens and PWDs may either avail of this promotion or the standard discount from the regular rate under Republic Act No. 7432, 7277, and R.A. 9994. Children Policy: • Children 12 years and below can stay and share existing bedding/s in the room. • 0 to 5 years old are entitled to complimentary breakfast; 6 to 12 Years old will be charged 50% off the buffet breakfast rate. Check-in/Check-out Time: • Hotel's standard check-in time is 2 PM and the standard check-out time is 11 AM. Per DTI Fair Trade Permit No. R4A-CVT 100048 Series of 2026

See more
Not refundable

Breakfast Included

₱12,500
Reserve"
25,Deluxe King,34.0,9000,,2,2026-09-19,2026-09-20,Weekend,1,1,2,0,PHP,Total for one night,Taxes included,https://www.simplebooking.it/ibe2/hotel/6757?lang=EN&cur=PHP&guests=A%2CA&in=2026-09-19&out=2026-09-20,2026-09-02T18:31:55,Selenium browser extraction,Best Available Rate,14100,True,Free cancellation or modification until 7 days before arrival,,7,True,"Reservation guarantee required through credit card, cash payment, or bank deposit",One room night,2:00 PM,11:00 AM,Children 12 years and below may share existing bedding. Children 0 to 5 receive complimentary breakfast. Children 6 to 12 receive 50 percent off the buffet breakfast rate.,,"Best Available Rate

INCLUSIONS: Superior to one-bedroom suites: • Overnight stay for two adults and two children aged 12 years and below • Buffet breakfast for two adults and two children aged 5 years and below • Use of hotel facilities (gym, game room, kids’ club and swimming pool), Wi-Fi access and one parking slot Two-bedrooms suites: • Overnight stay for four adults and two children aged 12 years and below • Buffet breakfast for four adults and two children aged 5 years and below • Use of hotel facilities (gym, game room, kids’ club and swimming pool), Wi-Fi access and one parking slot Presidential Villa: • Overnight stay for six adults and six children aged 12 years and below • Buffet breakfast for six adults and six children aged 5 years and below • Use of hotel facilities (gym, game room, kids’ club and swimming pool), Wi-Fi access and one parking slot TERMS AND CONDITIONS: • Rates are inclusive of applicable taxes. • Rooms are subject to availability. Prior reservation is required. • Standard extra person charges apply. The maximum capacity of each room must be observed. • A guarantee is needed to confirm the reservation, in the form of a credit card, cash payment, or bank deposit. The credit card provided will be used for pre-authorization purposes to guarantee the booking. In case another credit card is used to settle or will opt to pay in cash, reversal of the pre-authorized amount will take place within five to seven banking days. • Booking modifications or cancellations without charges will be permitted up to seven (7) days before the scheduled arrival date. Any changes to the reservation are subject to availability and rate differences. Failure to arrive or provide a late cancellation notice will result in a penalty fee equal to the cost of one (1) room night. Children Policy: • Children 12 years and below can stay and share existing bedding/s in the room. • 0 to 5 years old are entitled to complimentary breakfast; 6 to 12 Years old will be charged 50% off the buffet breakfast rate. Check-in/Check-out Time: • Hotel's standard check-in time is 2 PM and the standard check-out time is 11 AM.

See more

Breakfast Included

₱14,100
Reserve"
26,Deluxe Queen,34.0,9000,,2,2026-09-19,2026-09-20,Weekend,1,1,2,0,PHP,Total for one night,Taxes included,https://www.simplebooking.it/ibe2/hotel/6757?lang=EN&cur=PHP&guests=A%2CA&in=2026-09-19&out=2026-09-20,2026-09-02T18:31:55,Selenium browser extraction,"Rain, Rain Getaway!",9000,True,Nonrefundable,,0,False,Full prepayment required,Full prepayment forfeited,2:00 PM,11:00 AM,Children 12 years and below may share existing bedding. Children 0 to 5 receive complimentary breakfast. Children 6 to 12 receive 50 percent off the buffet breakfast rate.,,"Rain, Rain Getaway!

Escape the rain with a cozy stay, delightful perks, and timeless Tagaytay views. INCLUSIONS: - Overnight stay for two adults and two children aged 12 years and below. - Buffet breakfast for two adults and two children aged 5 years and below. - Php1,000.00 worth of Dining Credit - Brickseum Entrance Ticket for 2 persons. - 10% discount on all Kultura Butik and Malls. - 15% discount at Rain, the Spa - Use of hotel facilities (gym, game room, kids’ club and swimming pool), Wi-Fi access and one parking slot. TERMS & CONDITIONS: - Room rates are inclusive of all applicable taxes. - The promotion is valid for Saturday stays only during the promo period. - The dining credit is valid only during the guest's stay and must be consumed within the booked stay dates. Any unused dining credit shall be forfeited and is non-transferable, non-refundable, non-convertible to cash, and not valid for future use. - Full payment is required upon booking. - Reservation is non-refundable, non-cancellable, and non-amendable once confirmed. - Offer cannot be combined with other promotions, discounts, or privileges unless otherwise stated. - Not applicable for holidays, long weekends and hotel’s peak dates. - Children below 5 years old enjoy a complimentary buffet breakfast, while children 6 to 12 years old enjoy a 50% discount from the prevailing buffet rate. - Additional charges may apply for extra persons beyond the stated inclusions, payable directly to the hotel. DTI Fair Trade Permit No. R4A-CVT 100101 Series of 2026

See more
Not refundable

Breakfast Included

₱9,000
Reserve"
27,Deluxe Queen,34.0,9000,,2,2026-09-19,2026-09-20,Weekend,1,1,2,0,PHP,Total for one night,Taxes included,https://www.simplebooking.it/ibe2/hotel/6757?lang=EN&cur=PHP&guests=A%2CA&in=2026-09-19&out=2026-09-20,2026-09-02T18:31:55,Selenium browser extraction,Weekend Feast Escape,12500,True,Nonrefundable,,0,False,Full prepayment required,Full prepayment forfeited,2:00 PM,11:00 AM,Children 12 years and below may share existing bedding. Children 0 to 5 receive complimentary breakfast. Children 6 to 12 receive 50 percent off the buffet breakfast rate.,,"Weekend Feast Escape

A relaxing overnight stay, a hearty breakfast, and a delicious lunch or dinner buffet at Veranda - best way to spend the weekend at Tagaytay! Inclusions: Superior to one-bedroom suites: • Overnight stay for two adults and two children aged 12 years and below • Buffet breakfast for two adults and two children aged 5 years and below • Lunch or dinner buffet for two adults and two children aged 5 years and below • 15% discount on Rain, The Spa services • Use of hotel facilities (gym, game room, kids’ club, and swimming pool), Wi-Fi access, and one parking slot Two-bedroom suites: • Overnight stay for four adults and two children aged 12 years and below • Buffet breakfast for four adults and two children aged 5 years and below • Lunch or dinner buffet for four adults and two children aged 5 years and below • 15% discount on Rain, The Spa services • Use of hotel facilities (gym, game room, kids’ club, and swimming pool), Wi-Fi access, and one parking slot TERMS AND CONDITIONS: • Booking and stay period valid from 15 February - 20 December 2026, Saturdays only. • Rates are inclusive of all applicable taxes. • Rooms are subject to availability, and prior reservation is required. Blackout dates apply. • Standard extra person charges apply. The maximum capacity of each room must be observed. • Lunch or dinner buffet must be consumed during the stay dates; any unconsumed food and beverage inclusions will be forfeited and cannot be accumulated for any other day or the next stay. • Booking confirmation must be presented to avail of the Kultura discount. The discount applies only to regular-priced items. It is valid only during the exact duration of the stay at Taal Vista Hotel. Not applicable to online transactions or department stores. Standard exclusions apply: food, beverages, cigars, Angeli Glass, and personal care products. • Full pre-payment is required and is non-cancellable and non-refundable upon booking. Modifications or cancellations to the reservation are not allowed. In the case of a no-show, the full pre-payment will be forfeited. • The offer cannot be exchanged for other items or discounts and cannot be used in conjunction with other promotional offers by the property. Senior Citizens and PWDs may either avail of this promotion or the standard discount from the regular rate under Republic Act No. 7432, 7277, and R.A. 9994. Children Policy: • Children 12 years and below can stay and share existing bedding/s in the room. • 0 to 5 years old are entitled to complimentary breakfast; 6 to 12 Years old will be charged 50% off the buffet breakfast rate. Check-in/Check-out Time: • Hotel's standard check-in time is 2 PM and the standard check-out time is 11 AM. Per DTI Fair Trade Permit No. R4A-CVT 100048 Series of 2026

See more
Not refundable

Breakfast Included

₱12,500
Reserve"
28,Deluxe Queen,34.0,9000,,2,2026-09-19,2026-09-20,Weekend,1,1,2,0,PHP,Total for one night,Taxes included,https://www.simplebooking.it/ibe2/hotel/6757?lang=EN&cur=PHP&guests=A%2CA&in=2026-09-19&out=2026-09-20,2026-09-02T18:31:55,Selenium browser extraction,Best Available Rate,14100,True,Free cancellation or modification until 7 days before arrival,,7,True,"Reservation guarantee required through credit card, cash payment, or bank deposit",One room night,2:00 PM,11:00 AM,Children 12 years and below may share existing bedding. Children 0 to 5 receive complimentary breakfast. Children 6 to 12 receive 50 percent off the buffet breakfast rate.,,"Best Available Rate

INCLUSIONS: Superior to one-bedroom suites: • Overnight stay for two adults and two children aged 12 years and below • Buffet breakfast for two adults and two children aged 5 years and below • Use of hotel facilities (gym, game room, kids’ club and swimming pool), Wi-Fi access and one parking slot Two-bedrooms suites: • Overnight stay for four adults and two children aged 12 years and below • Buffet breakfast for four adults and two children aged 5 years and below • Use of hotel facilities (gym, game room, kids’ club and swimming pool), Wi-Fi access and one parking slot Presidential Villa: • Overnight stay for six adults and six children aged 12 years and below • Buffet breakfast for six adults and six children aged 5 years and below • Use of hotel facilities (gym, game room, kids’ club and swimming pool), Wi-Fi access and one parking slot TERMS AND CONDITIONS: • Rates are inclusive of applicable taxes. • Rooms are subject to availability. Prior reservation is required. • Standard extra person charges apply. The maximum capacity of each room must be observed. • A guarantee is needed to confirm the reservation, in the form of a credit card, cash payment, or bank deposit. The credit card provided will be used for pre-authorization purposes to guarantee the booking. In case another credit card is used to settle or will opt to pay in cash, reversal of the pre-authorized amount will take place within five to seven banking days. • Booking modifications or cancellations without charges will be permitted up to seven (7) days before the scheduled arrival date. Any changes to the reservation are subject to availability and rate differences. Failure to arrive or provide a late cancellation notice will result in a penalty fee equal to the cost of one (1) room night. Children Policy: • Children 12 years and below can stay and share existing bedding/s in the room. • 0 to 5 years old are entitled to complimentary breakfast; 6 to 12 Years old will be charged 50% off the buffet breakfast rate. Check-in/Check-out Time: • Hotel's standard check-in time is 2 PM and the standard check-out time is 11 AM.

See more

Breakfast Included

₱14,100
Reserve"
29,Deluxe Twin,34.0,9000,,2,2026-09-19,2026-09-20,Weekend,1,1,2,0,PHP,Total for one night,Taxes included,https://www.simplebooking.it/ibe2/hotel/6757?lang=EN&cur=PHP&guests=A%2CA&in=2026-09-19&out=2026-09-20,2026-09-02T18:31:55,Selenium browser extraction,"Rain, Rain Getaway!",9000,True,Nonrefundable,,0,False,Full prepayment required,Full prepayment forfeited,2:00 PM,11:00 AM,Children 12 years and below may share existing bedding. Children 0 to 5 receive complimentary breakfast. Children 6 to 12 receive 50 percent off the buffet breakfast rate.,,"Rain, Rain Getaway!

Escape the rain with a cozy stay, delightful perks, and timeless Tagaytay views. INCLUSIONS: - Overnight stay for two adults and two children aged 12 years and below. - Buffet breakfast for two adults and two children aged 5 years and below. - Php1,000.00 worth of Dining Credit - Brickseum Entrance Ticket for 2 persons. - 10% discount on all Kultura Butik and Malls. - 15% discount at Rain, the Spa - Use of hotel facilities (gym, game room, kids’ club and swimming pool), Wi-Fi access and one parking slot. TERMS & CONDITIONS: - Room rates are inclusive of all applicable taxes. - The promotion is valid for Saturday stays only during the promo period. - The dining credit is valid only during the guest's stay and must be consumed within the booked stay dates. Any unused dining credit shall be forfeited and is non-transferable, non-refundable, non-convertible to cash, and not valid for future use. - Full payment is required upon booking. - Reservation is non-refundable, non-cancellable, and non-amendable once confirmed. - Offer cannot be combined with other promotions, discounts, or privileges unless otherwise stated. - Not applicable for holidays, long weekends and hotel’s peak dates. - Children below 5 years old enjoy a complimentary buffet breakfast, while children 6 to 12 years old enjoy a 50% discount from the prevailing buffet rate. - Additional charges may apply for extra persons beyond the stated inclusions, payable directly to the hotel. DTI Fair Trade Permit No. R4A-CVT 100101 Series of 2026

See more
Not refundable

Breakfast Included

₱9,000
Reserve"
30,Deluxe Twin,34.0,9000,,2,2026-09-19,2026-09-20,Weekend,1,1,2,0,PHP,Total for one night,Taxes included,https://www.simplebooking.it/ibe2/hotel/6757?lang=EN&cur=PHP&guests=A%2CA&in=2026-09-19&out=2026-09-20,2026-09-02T18:31:55,Selenium browser extraction,Weekend Feast Escape,12500,True,Nonrefundable,,0,False,Full prepayment required,Full prepayment forfeited,2:00 PM,11:00 AM,Children 12 years and below may share existing bedding. Children 0 to 5 receive complimentary breakfast. Children 6 to 12 receive 50 percent off the buffet breakfast rate.,,"Weekend Feast Escape

A relaxing overnight stay, a hearty breakfast, and a delicious lunch or dinner buffet at Veranda - best way to spend the weekend at Tagaytay! Inclusions: Superior to one-bedroom suites: • Overnight stay for two adults and two children aged 12 years and below • Buffet breakfast for two adults and two children aged 5 years and below • Lunch or dinner buffet for two adults and two children aged 5 years and below • 15% discount on Rain, The Spa services • Use of hotel facilities (gym, game room, kids’ club, and swimming pool), Wi-Fi access, and one parking slot Two-bedroom suites: • Overnight stay for four adults and two children aged 12 years and below • Buffet breakfast for four adults and two children aged 5 years and below • Lunch or dinner buffet for four adults and two children aged 5 years and below • 15% discount on Rain, The Spa services • Use of hotel facilities (gym, game room, kids’ club, and swimming pool), Wi-Fi access, and one parking slot TERMS AND CONDITIONS: • Booking and stay period valid from 15 February - 20 December 2026, Saturdays only. • Rates are inclusive of all applicable taxes. • Rooms are subject to availability, and prior reservation is required. Blackout dates apply. • Standard extra person charges apply. The maximum capacity of each room must be observed. • Lunch or dinner buffet must be consumed during the stay dates; any unconsumed food and beverage inclusions will be forfeited and cannot be accumulated for any other day or the next stay. • Booking confirmation must be presented to avail of the Kultura discount. The discount applies only to regular-priced items. It is valid only during the exact duration of the stay at Taal Vista Hotel. Not applicable to online transactions or department stores. Standard exclusions apply: food, beverages, cigars, Angeli Glass, and personal care products. • Full pre-payment is required and is non-cancellable and non-refundable upon booking. Modifications or cancellations to the reservation are not allowed. In the case of a no-show, the full pre-payment will be forfeited. • The offer cannot be exchanged for other items or discounts and cannot be used in conjunction with other promotional offers by the property. Senior Citizens and PWDs may either avail of this promotion or the standard discount from the regular rate under Republic Act No. 7432, 7277, and R.A. 9994. Children Policy: • Children 12 years and below can stay and share existing bedding/s in the room. • 0 to 5 years old are entitled to complimentary breakfast; 6 to 12 Years old will be charged 50% off the buffet breakfast rate. Check-in/Check-out Time: • Hotel's standard check-in time is 2 PM and the standard check-out time is 11 AM. Per DTI Fair Trade Permit No. R4A-CVT 100048 Series of 2026

See more
Not refundable

Breakfast Included

₱12,500
Reserve"
31,Deluxe Twin,34.0,9000,,2,2026-09-19,2026-09-20,Weekend,1,1,2,0,PHP,Total for one night,Taxes included,https://www.simplebooking.it/ibe2/hotel/6757?lang=EN&cur=PHP&guests=A%2CA&in=2026-09-19&out=2026-09-20,2026-09-02T18:31:55,Selenium browser extraction,Best Available Rate,14100,True,Free cancellation or modification until 7 days before arrival,,7,True,"Reservation guarantee required through credit card, cash payment, or bank deposit",One room night,2:00 PM,11:00 AM,Children 12 years and below may share existing bedding. Children 0 to 5 receive complimentary breakfast. Children 6 to 12 receive 50 percent off the buffet breakfast rate.,,"Best Available Rate

INCLUSIONS: Superior to one-bedroom suites: • Overnight stay for two adults and two children aged 12 years and below • Buffet breakfast for two adults and two children aged 5 years and below • Use of hotel facilities (gym, game room, kids’ club and swimming pool), Wi-Fi access and one parking slot Two-bedrooms suites: • Overnight stay for four adults and two children aged 12 years and below • Buffet breakfast for four adults and two children aged 5 years and below • Use of hotel facilities (gym, game room, kids’ club and swimming pool), Wi-Fi access and one parking slot Presidential Villa: • Overnight stay for six adults and six children aged 12 years and below • Buffet breakfast for six adults and six children aged 5 years and below • Use of hotel facilities (gym, game room, kids’ club and swimming pool), Wi-Fi access and one parking slot TERMS AND CONDITIONS: • Rates are inclusive of applicable taxes. • Rooms are subject to availability. Prior reservation is required. • Standard extra person charges apply. The maximum capacity of each room must be observed. • A guarantee is needed to confirm the reservation, in the form of a credit card, cash payment, or bank deposit. The credit card provided will be used for pre-authorization purposes to guarantee the booking. In case another credit card is used to settle or will opt to pay in cash, reversal of the pre-authorized amount will take place within five to seven banking days. • Booking modifications or cancellations without charges will be permitted up to seven (7) days before the scheduled arrival date. Any changes to the reservation are subject to availability and rate differences. Failure to arrive or provide a late cancellation notice will result in a penalty fee equal to the cost of one (1) room night. Children Policy: • Children 12 years and below can stay and share existing bedding/s in the room. • 0 to 5 years old are entitled to complimentary breakfast; 6 to 12 Years old will be charged 50% off the buffet breakfast rate. Check-in/Check-out Time: • Hotel's standard check-in time is 2 PM and the standard check-out time is 11 AM.

See more

Breakfast Included

₱14,100
Reserve"
32,Deluxe Mountain,29.0,8500,Only 3 left,2,2026-09-19,2026-09-20,Weekend,1,1,2,0,PHP,Total for one night,Taxes included,https://www.simplebooking.it/ibe2/hotel/6757?lang=EN&cur=PHP&guests=A%2CA&in=2026-09-19&out=2026-09-20,2026-09-02T18:31:55,Selenium browser extraction,"Rain, Rain Getaway!",8500,True,Nonrefundable,,0,False,Full prepayment required,Full prepayment forfeited,2:00 PM,11:00 AM,Children 12 years and below may share existing bedding. Children 0 to 5 receive complimentary breakfast. Children 6 to 12 receive 50 percent off the buffet breakfast rate.,,"Rain, Rain Getaway!

Escape the rain with a cozy stay, delightful perks, and timeless Tagaytay views. INCLUSIONS: - Overnight stay for two adults and two children aged 12 years and below. - Buffet breakfast for two adults and two children aged 5 years and below. - Php1,000.00 worth of Dining Credit - Brickseum Entrance Ticket for 2 persons. - 10% discount on all Kultura Butik and Malls. - 15% discount at Rain, the Spa - Use of hotel facilities (gym, game room, kids’ club and swimming pool), Wi-Fi access and one parking slot. TERMS & CONDITIONS: - Room rates are inclusive of all applicable taxes. - The promotion is valid for Saturday stays only during the promo period. - The dining credit is valid only during the guest's stay and must be consumed within the booked stay dates. Any unused dining credit shall be forfeited and is non-transferable, non-refundable, non-convertible to cash, and not valid for future use. - Full payment is required upon booking. - Reservation is non-refundable, non-cancellable, and non-amendable once confirmed. - Offer cannot be combined with other promotions, discounts, or privileges unless otherwise stated. - Not applicable for holidays, long weekends and hotel’s peak dates. - Children below 5 years old enjoy a complimentary buffet breakfast, while children 6 to 12 years old enjoy a 50% discount from the prevailing buffet rate. - Additional charges may apply for extra persons beyond the stated inclusions, payable directly to the hotel. DTI Fair Trade Permit No. R4A-CVT 100101 Series of 2026

See more
Not refundable

Breakfast Included

₱8,500
Reserve"
33,Deluxe Mountain,29.0,8500,Only 3 left,2,2026-09-19,2026-09-20,Weekend,1,1,2,0,PHP,Total for one night,Taxes included,https://www.simplebooking.it/ibe2/hotel/6757?lang=EN&cur=PHP&guests=A%2CA&in=2026-09-19&out=2026-09-20,2026-09-02T18:31:55,Selenium browser extraction,Weekend Feast Escape,11000,True,Nonrefundable,,0,False,Full prepayment required,Full prepayment forfeited,2:00 PM,11:00 AM,Children 12 years and below may share existing bedding. Children 0 to 5 receive complimentary breakfast. Children 6 to 12 receive 50 percent off the buffet breakfast rate.,,"Weekend Feast Escape

A relaxing overnight stay, a hearty breakfast, and a delicious lunch or dinner buffet at Veranda - best way to spend the weekend at Tagaytay! Inclusions: Superior to one-bedroom suites: • Overnight stay for two adults and two children aged 12 years and below • Buffet breakfast for two adults and two children aged 5 years and below • Lunch or dinner buffet for two adults and two children aged 5 years and below • 15% discount on Rain, The Spa services • Use of hotel facilities (gym, game room, kids’ club, and swimming pool), Wi-Fi access, and one parking slot Two-bedroom suites: • Overnight stay for four adults and two children aged 12 years and below • Buffet breakfast for four adults and two children aged 5 years and below • Lunch or dinner buffet for four adults and two children aged 5 years and below • 15% discount on Rain, The Spa services • Use of hotel facilities (gym, game room, kids’ club, and swimming pool), Wi-Fi access, and one parking slot TERMS AND CONDITIONS: • Booking and stay period valid from 15 February - 20 December 2026, Saturdays only. • Rates are inclusive of all applicable taxes. • Rooms are subject to availability, and prior reservation is required. Blackout dates apply. • Standard extra person charges apply. The maximum capacity of each room must be observed. • Lunch or dinner buffet must be consumed during the stay dates; any unconsumed food and beverage inclusions will be forfeited and cannot be accumulated for any other day or the next stay. • Booking confirmation must be presented to avail of the Kultura discount. The discount applies only to regular-priced items. It is valid only during the exact duration of the stay at Taal Vista Hotel. Not applicable to online transactions or department stores. Standard exclusions apply: food, beverages, cigars, Angeli Glass, and personal care products. • Full pre-payment is required and is non-cancellable and non-refundable upon booking. Modifications or cancellations to the reservation are not allowed. In the case of a no-show, the full pre-payment will be forfeited. • The offer cannot be exchanged for other items or discounts and cannot be used in conjunction with other promotional offers by the property. Senior Citizens and PWDs may either avail of this promotion or the standard discount from the regular rate under Republic Act No. 7432, 7277, and R.A. 9994. Children Policy: • Children 12 years and below can stay and share existing bedding/s in the room. • 0 to 5 years old are entitled to complimentary breakfast; 6 to 12 Years old will be charged 50% off the buffet breakfast rate. Check-in/Check-out Time: • Hotel's standard check-in time is 2 PM and the standard check-out time is 11 AM. Per DTI Fair Trade Permit No. R4A-CVT 100048 Series of 2026

See more
Not refundable

Breakfast Included

₱11,000
Reserve"
34,Deluxe Mountain,29.0,8500,Only 3 left,2,2026-09-19,2026-09-20,Weekend,1,1,2,0,PHP,Total for one night,Taxes included,https://www.simplebooking.it/ibe2/hotel/6757?lang=EN&cur=PHP&guests=A%2CA&in=2026-09-19&out=2026-09-20,2026-09-02T18:31:55,Selenium browser extraction,Best Available Rate,13100,True,Free cancellation or modification until 7 days before arrival,,7,True,"Reservation guarantee required through credit card, cash payment, or bank deposit",One room night,2:00 PM,11:00 AM,Children 12 years and below may share existing bedding. Children 0 to 5 receive complimentary breakfast. Children 6 to 12 receive 50 percent off the buffet breakfast rate.,,"Best Available Rate

INCLUSIONS: Superior to one-bedroom suites: • Overnight stay for two adults and two children aged 12 years and below • Buffet breakfast for two adults and two children aged 5 years and below • Use of hotel facilities (gym, game room, kids’ club and swimming pool), Wi-Fi access and one parking slot Two-bedrooms suites: • Overnight stay for four adults and two children aged 12 years and below • Buffet breakfast for four adults and two children aged 5 years and below • Use of hotel facilities (gym, game room, kids’ club and swimming pool), Wi-Fi access and one parking slot Presidential Villa: • Overnight stay for six adults and six children aged 12 years and below • Buffet breakfast for six adults and six children aged 5 years and below • Use of hotel facilities (gym, game room, kids’ club and swimming pool), Wi-Fi access and one parking slot TERMS AND CONDITIONS: • Rates are inclusive of applicable taxes. • Rooms are subject to availability. Prior reservation is required. • Standard extra person charges apply. The maximum capacity of each room must be observed. • A guarantee is needed to confirm the reservation, in the form of a credit card, cash payment, or bank deposit. The credit card provided will be used for pre-authorization purposes to guarantee the booking. In case another credit card is used to settle or will opt to pay in cash, reversal of the pre-authorized amount will take place within five to seven banking days. • Booking modifications or cancellations without charges will be permitted up to seven (7) days before the scheduled arrival date. Any changes to the reservation are subject to availability and rate differences. Failure to arrive or provide a late cancellation notice will result in a penalty fee equal to the cost of one (1) room night. Children Policy: • Children 12 years and below can stay and share existing bedding/s in the room. • 0 to 5 years old are entitled to complimentary breakfast; 6 to 12 Years old will be charged 50% off the buffet breakfast rate. Check-in/Check-out Time: • Hotel's standard check-in time is 2 PM and the standard check-out time is 11 AM.

See more

Breakfast Included

₱13,100
Reserve"
35,Ridge,37.0,9500,,2,2026-09-19,2026-09-20,Weekend,1,1,2,0,PHP,Total for one night,Taxes included,https://www.simplebooking.it/ibe2/hotel/6757?lang=EN&cur=PHP&guests=A%2CA&in=2026-09-19&out=2026-09-20,2026-09-02T18:31:55,Selenium browser extraction,"Rain, Rain Getaway!",9500,True,Nonrefundable,,0,False,Full prepayment required,Full prepayment forfeited,2:00 PM,11:00 AM,Children 12 years and below may share existing bedding. Children 0 to 5 receive complimentary breakfast. Children 6 to 12 receive 50 percent off the buffet breakfast rate.,,"Rain, Rain Getaway!

Escape the rain with a cozy stay, delightful perks, and timeless Tagaytay views. INCLUSIONS: - Overnight stay for two adults and two children aged 12 years and below. - Buffet breakfast for two adults and two children aged 5 years and below. - Php1,000.00 worth of Dining Credit - Brickseum Entrance Ticket for 2 persons. - 10% discount on all Kultura Butik and Malls. - 15% discount at Rain, the Spa - Use of hotel facilities (gym, game room, kids’ club and swimming pool), Wi-Fi access and one parking slot. TERMS & CONDITIONS: - Room rates are inclusive of all applicable taxes. - The promotion is valid for Saturday stays only during the promo period. - The dining credit is valid only during the guest's stay and must be consumed within the booked stay dates. Any unused dining credit shall be forfeited and is non-transferable, non-refundable, non-convertible to cash, and not valid for future use. - Full payment is required upon booking. - Reservation is non-refundable, non-cancellable, and non-amendable once confirmed. - Offer cannot be combined with other promotions, discounts, or privileges unless otherwise stated. - Not applicable for holidays, long weekends and hotel’s peak dates. - Children below 5 years old enjoy a complimentary buffet breakfast, while children 6 to 12 years old enjoy a 50% discount from the prevailing buffet rate. - Additional charges may apply for extra persons beyond the stated inclusions, payable directly to the hotel. DTI Fair Trade Permit No. R4A-CVT 100101 Series of 2026

See more
Not refundable

Breakfast Included

₱9,500
Reserve"
36,Ridge,37.0,9500,,2,2026-09-19,2026-09-20,Weekend,1,1,2,0,PHP,Total for one night,Taxes included,https://www.simplebooking.it/ibe2/hotel/6757?lang=EN&cur=PHP&guests=A%2CA&in=2026-09-19&out=2026-09-20,2026-09-02T18:31:55,Selenium browser extraction,Weekend Feast Escape,12000,True,Nonrefundable,,0,False,Full prepayment required,Full prepayment forfeited,2:00 PM,11:00 AM,Children 12 years and below may share existing bedding. Children 0 to 5 receive complimentary breakfast. Children 6 to 12 receive 50 percent off the buffet breakfast rate.,,"Weekend Feast Escape

A relaxing overnight stay, a hearty breakfast, and a delicious lunch or dinner buffet at Veranda - best way to spend the weekend at Tagaytay! Inclusions: Superior to one-bedroom suites: • Overnight stay for two adults and two children aged 12 years and below • Buffet breakfast for two adults and two children aged 5 years and below • Lunch or dinner buffet for two adults and two children aged 5 years and below • 15% discount on Rain, The Spa services • Use of hotel facilities (gym, game room, kids’ club, and swimming pool), Wi-Fi access, and one parking slot Two-bedroom suites: • Overnight stay for four adults and two children aged 12 years and below • Buffet breakfast for four adults and two children aged 5 years and below • Lunch or dinner buffet for four adults and two children aged 5 years and below • 15% discount on Rain, The Spa services • Use of hotel facilities (gym, game room, kids’ club, and swimming pool), Wi-Fi access, and one parking slot TERMS AND CONDITIONS: • Booking and stay period valid from 15 February - 20 December 2026, Saturdays only. • Rates are inclusive of all applicable taxes. • Rooms are subject to availability, and prior reservation is required. Blackout dates apply. • Standard extra person charges apply. The maximum capacity of each room must be observed. • Lunch or dinner buffet must be consumed during the stay dates; any unconsumed food and beverage inclusions will be forfeited and cannot be accumulated for any other day or the next stay. • Booking confirmation must be presented to avail of the Kultura discount. The discount applies only to regular-priced items. It is valid only during the exact duration of the stay at Taal Vista Hotel. Not applicable to online transactions or department stores. Standard exclusions apply: food, beverages, cigars, Angeli Glass, and personal care products. • Full pre-payment is required and is non-cancellable and non-refundable upon booking. Modifications or cancellations to the reservation are not allowed. In the case of a no-show, the full pre-payment will be forfeited. • The offer cannot be exchanged for other items or discounts and cannot be used in conjunction with other promotional offers by the property. Senior Citizens and PWDs may either avail of this promotion or the standard discount from the regular rate under Republic Act No. 7432, 7277, and R.A. 9994. Children Policy: • Children 12 years and below can stay and share existing bedding/s in the room. • 0 to 5 years old are entitled to complimentary breakfast; 6 to 12 Years old will be charged 50% off the buffet breakfast rate. Check-in/Check-out Time: • Hotel's standard check-in time is 2 PM and the standard check-out time is 11 AM. Per DTI Fair Trade Permit No. R4A-CVT 100048 Series of 2026

See more
Not refundable

Breakfast Included

₱12,000
Reserve"
37,Ridge,37.0,9500,,2,2026-09-19,2026-09-20,Weekend,1,1,2,0,PHP,Total for one night,Taxes included,https://www.simplebooking.it/ibe2/hotel/6757?lang=EN&cur=PHP&guests=A%2CA&in=2026-09-19&out=2026-09-20,2026-09-02T18:31:55,Selenium browser extraction,Best Available Rate,18700,True,Free cancellation or modification until 7 days before arrival,,7,True,"Reservation guarantee required through credit card, cash payment, or bank deposit",One room night,2:00 PM,11:00 AM,Children 12 years and below may share existing bedding. Children 0 to 5 receive complimentary breakfast. Children 6 to 12 receive 50 percent off the buffet breakfast rate.,,"Best Available Rate

INCLUSIONS: Superior to one-bedroom suites: • Overnight stay for two adults and two children aged 12 years and below • Buffet breakfast for two adults and two children aged 5 years and below • Use of hotel facilities (gym, game room, kids’ club and swimming pool), Wi-Fi access and one parking slot Two-bedrooms suites: • Overnight stay for four adults and two children aged 12 years and below • Buffet breakfast for four adults and two children aged 5 years and below • Use of hotel facilities (gym, game room, kids’ club and swimming pool), Wi-Fi access and one parking slot Presidential Villa: • Overnight stay for six adults and six children aged 12 years and below • Buffet breakfast for six adults and six children aged 5 years and below • Use of hotel facilities (gym, game room, kids’ club and swimming pool), Wi-Fi access and one parking slot TERMS AND CONDITIONS: • Rates are inclusive of applicable taxes. • Rooms are subject to availability. Prior reservation is required. • Standard extra person charges apply. The maximum capacity of each room must be observed. • A guarantee is needed to confirm the reservation, in the form of a credit card, cash payment, or bank deposit. The credit card provided will be used for pre-authorization purposes to guarantee the booking. In case another credit card is used to settle or will opt to pay in cash, reversal of the pre-authorized amount will take place within five to seven banking days. • Booking modifications or cancellations without charges will be permitted up to seven (7) days before the scheduled arrival date. Any changes to the reservation are subject to availability and rate differences. Failure to arrive or provide a late cancellation notice will result in a penalty fee equal to the cost of one (1) room night. Children Policy: • Children 12 years and below can stay and share existing bedding/s in the room. • 0 to 5 years old are entitled to complimentary breakfast; 6 to 12 Years old will be charged 50% off the buffet breakfast rate. Check-in/Check-out Time: • Hotel's standard check-in time is 2 PM and the standard check-out time is 11 AM.

See more

Breakfast Included

₱18,700
Reserve"
38,Premier Queen,38.0,11000,,2,2026-09-19,2026-09-20,Weekend,1,1,2,0,PHP,Total for one night,Taxes included,https://www.simplebooking.it/ibe2/hotel/6757?lang=EN&cur=PHP&guests=A%2CA&in=2026-09-19&out=2026-09-20,2026-09-02T18:31:55,Selenium browser extraction,"Rain, Rain Getaway!",11000,True,Nonrefundable,,0,False,Full prepayment required,Full prepayment forfeited,2:00 PM,11:00 AM,Children 12 years and below may share existing bedding. Children 0 to 5 receive complimentary breakfast. Children 6 to 12 receive 50 percent off the buffet breakfast rate.,,"Rain, Rain Getaway!

Escape the rain with a cozy stay, delightful perks, and timeless Tagaytay views. INCLUSIONS: - Overnight stay for two adults and two children aged 12 years and below. - Buffet breakfast for two adults and two children aged 5 years and below. - Php1,000.00 worth of Dining Credit - Brickseum Entrance Ticket for 2 persons. - 10% discount on all Kultura Butik and Malls. - 15% discount at Rain, the Spa - Use of hotel facilities (gym, game room, kids’ club and swimming pool), Wi-Fi access and one parking slot. TERMS & CONDITIONS: - Room rates are inclusive of all applicable taxes. - The promotion is valid for Saturday stays only during the promo period. - The dining credit is valid only during the guest's stay and must be consumed within the booked stay dates. Any unused dining credit shall be forfeited and is non-transferable, non-refundable, non-convertible to cash, and not valid for future use. - Full payment is required upon booking. - Reservation is non-refundable, non-cancellable, and non-amendable once confirmed. - Offer cannot be combined with other promotions, discounts, or privileges unless otherwise stated. - Not applicable for holidays, long weekends and hotel’s peak dates. - Children below 5 years old enjoy a complimentary buffet breakfast, while children 6 to 12 years old enjoy a 50% discount from the prevailing buffet rate. - Additional charges may apply for extra persons beyond the stated inclusions, payable directly to the hotel. DTI Fair Trade Permit No. R4A-CVT 100101 Series of 2026

See more
Not refundable

Breakfast Included

₱11,000
Reserve"
39,Premier Queen,38.0,11000,,2,2026-09-19,2026-09-20,Weekend,1,1,2,0,PHP,Total for one night,Taxes included,https://www.simplebooking.it/ibe2/hotel/6757?lang=EN&cur=PHP&guests=A%2CA&in=2026-09-19&out=2026-09-20,2026-09-02T18:31:55,Selenium browser extraction,Weekend Feast Escape,15000,True,Nonrefundable,,0,False,Full prepayment required,Full prepayment forfeited,2:00 PM,11:00 AM,Children 12 years and below may share existing bedding. Children 0 to 5 receive complimentary breakfast. Children 6 to 12 receive 50 percent off the buffet breakfast rate.,,"Weekend Feast Escape

A relaxing overnight stay, a hearty breakfast, and a delicious lunch or dinner buffet at Veranda - best way to spend the weekend at Tagaytay! Inclusions: Superior to one-bedroom suites: • Overnight stay for two adults and two children aged 12 years and below • Buffet breakfast for two adults and two children aged 5 years and below • Lunch or dinner buffet for two adults and two children aged 5 years and below • 15% discount on Rain, The Spa services • Use of hotel facilities (gym, game room, kids’ club, and swimming pool), Wi-Fi access, and one parking slot Two-bedroom suites: • Overnight stay for four adults and two children aged 12 years and below • Buffet breakfast for four adults and two children aged 5 years and below • Lunch or dinner buffet for four adults and two children aged 5 years and below • 15% discount on Rain, The Spa services • Use of hotel facilities (gym, game room, kids’ club, and swimming pool), Wi-Fi access, and one parking slot TERMS AND CONDITIONS: • Booking and stay period valid from 15 February - 20 December 2026, Saturdays only. • Rates are inclusive of all applicable taxes. • Rooms are subject to availability, and prior reservation is required. Blackout dates apply. • Standard extra person charges apply. The maximum capacity of each room must be observed. • Lunch or dinner buffet must be consumed during the stay dates; any unconsumed food and beverage inclusions will be forfeited and cannot be accumulated for any other day or the next stay. • Booking confirmation must be presented to avail of the Kultura discount. The discount applies only to regular-priced items. It is valid only during the exact duration of the stay at Taal Vista Hotel. Not applicable to online transactions or department stores. Standard exclusions apply: food, beverages, cigars, Angeli Glass, and personal care products. • Full pre-payment is required and is non-cancellable and non-refundable upon booking. Modifications or cancellations to the reservation are not allowed. In the case of a no-show, the full pre-payment will be forfeited. • The offer cannot be exchanged for other items or discounts and cannot be used in conjunction with other promotional offers by the property. Senior Citizens and PWDs may either avail of this promotion or the standard discount from the regular rate under Republic Act No. 7432, 7277, and R.A. 9994. Children Policy: • Children 12 years and below can stay and share existing bedding/s in the room. • 0 to 5 years old are entitled to complimentary breakfast; 6 to 12 Years old will be charged 50% off the buffet breakfast rate. Check-in/Check-out Time: • Hotel's standard check-in time is 2 PM and the standard check-out time is 11 AM. Per DTI Fair Trade Permit No. R4A-CVT 100048 Series of 2026

See more
Not refundable

Breakfast Included

₱15,000
Reserve"
40,Premier Queen,38.0,11000,,2,2026-09-19,2026-09-20,Weekend,1,1,2,0,PHP,Total for one night,Taxes included,https://www.simplebooking.it/ibe2/hotel/6757?lang=EN&cur=PHP&guests=A%2CA&in=2026-09-19&out=2026-09-20,2026-09-02T18:31:55,Selenium browser extraction,Best Available Rate,21100,True,Free cancellation or modification until 7 days before arrival,,7,True,"Reservation guarantee required through credit card, cash payment, or bank deposit",One room night,2:00 PM,11:00 AM,Children 12 years and below may share existing bedding. Children 0 to 5 receive complimentary breakfast. Children 6 to 12 receive 50 percent off the buffet breakfast rate.,,"Best Available Rate

INCLUSIONS: Superior to one-bedroom suites: • Overnight stay for two adults and two children aged 12 years and below • Buffet breakfast for two adults and two children aged 5 years and below • Use of hotel facilities (gym, game room, kids’ club and swimming pool), Wi-Fi access and one parking slot Two-bedrooms suites: • Overnight stay for four adults and two children aged 12 years and below • Buffet breakfast for four adults and two children aged 5 years and below • Use of hotel facilities (gym, game room, kids’ club and swimming pool), Wi-Fi access and one parking slot Presidential Villa: • Overnight stay for six adults and six children aged 12 years and below • Buffet breakfast for six adults and six children aged 5 years and below • Use of hotel facilities (gym, game room, kids’ club and swimming pool), Wi-Fi access and one parking slot TERMS AND CONDITIONS: • Rates are inclusive of applicable taxes. • Rooms are subject to availability. Prior reservation is required. • Standard extra person charges apply. The maximum capacity of each room must be observed. • A guarantee is needed to confirm the reservation, in the form of a credit card, cash payment, or bank deposit. The credit card provided will be used for pre-authorization purposes to guarantee the booking. In case another credit card is used to settle or will opt to pay in cash, reversal of the pre-authorized amount will take place within five to seven banking days. • Booking modifications or cancellations without charges will be permitted up to seven (7) days before the scheduled arrival date. Any changes to the reservation are subject to availability and rate differences. Failure to arrive or provide a late cancellation notice will result in a penalty fee equal to the cost of one (1) room night. Children Policy: • Children 12 years and below can stay and share existing bedding/s in the room. • 0 to 5 years old are entitled to complimentary breakfast; 6 to 12 Years old will be charged 50% off the buffet breakfast rate. Check-in/Check-out Time: • Hotel's standard check-in time is 2 PM and the standard check-out time is 11 AM.

See more

Breakfast Included

₱21,100
Reserve"
41,Deluxe Suite One Bedroom,62.0,23000,Only 3 left,2,2026-09-19,2026-09-20,Weekend,1,1,2,0,PHP,Total for one night,Taxes included,https://www.simplebooking.it/ibe2/hotel/6757?lang=EN&cur=PHP&guests=A%2CA&in=2026-09-19&out=2026-09-20,2026-09-02T18:31:55,Selenium browser extraction,Weekend Feast Escape,23000,True,Nonrefundable,,0,False,Full prepayment required,Full prepayment forfeited,2:00 PM,11:00 AM,Children 12 years and below may share existing bedding. Children 0 to 5 receive complimentary breakfast. Children 6 to 12 receive 50 percent off the buffet breakfast rate.,,"Weekend Feast Escape

A relaxing overnight stay, a hearty breakfast, and a delicious lunch or dinner buffet at Veranda - best way to spend the weekend at Tagaytay! Inclusions: Superior to one-bedroom suites: • Overnight stay for two adults and two children aged 12 years and below • Buffet breakfast for two adults and two children aged 5 years and below • Lunch or dinner buffet for two adults and two children aged 5 years and below • 15% discount on Rain, The Spa services • Use of hotel facilities (gym, game room, kids’ club, and swimming pool), Wi-Fi access, and one parking slot Two-bedroom suites: • Overnight stay for four adults and two children aged 12 years and below • Buffet breakfast for four adults and two children aged 5 years and below • Lunch or dinner buffet for four adults and two children aged 5 years and below • 15% discount on Rain, The Spa services • Use of hotel facilities (gym, game room, kids’ club, and swimming pool), Wi-Fi access, and one parking slot TERMS AND CONDITIONS: • Booking and stay period valid from 15 February - 20 December 2026, Saturdays only. • Rates are inclusive of all applicable taxes. • Rooms are subject to availability, and prior reservation is required. Blackout dates apply. • Standard extra person charges apply. The maximum capacity of each room must be observed. • Lunch or dinner buffet must be consumed during the stay dates; any unconsumed food and beverage inclusions will be forfeited and cannot be accumulated for any other day or the next stay. • Booking confirmation must be presented to avail of the Kultura discount. The discount applies only to regular-priced items. It is valid only during the exact duration of the stay at Taal Vista Hotel. Not applicable to online transactions or department stores. Standard exclusions apply: food, beverages, cigars, Angeli Glass, and personal care products. • Full pre-payment is required and is non-cancellable and non-refundable upon booking. Modifications or cancellations to the reservation are not allowed. In the case of a no-show, the full pre-payment will be forfeited. • The offer cannot be exchanged for other items or discounts and cannot be used in conjunction with other promotional offers by the property. Senior Citizens and PWDs may either avail of this promotion or the standard discount from the regular rate under Republic Act No. 7432, 7277, and R.A. 9994. Children Policy: • Children 12 years and below can stay and share existing bedding/s in the room. • 0 to 5 years old are entitled to complimentary breakfast; 6 to 12 Years old will be charged 50% off the buffet breakfast rate. Check-in/Check-out Time: • Hotel's standard check-in time is 2 PM and the standard check-out time is 11 AM. Per DTI Fair Trade Permit No. R4A-CVT 100048 Series of 2026

See more
Not refundable

Breakfast Included

₱23,000
Reserve"
42,Deluxe Suite One Bedroom,62.0,23000,Only 3 left,2,2026-09-19,2026-09-20,Weekend,1,1,2,0,PHP,Total for one night,Taxes included,https://www.simplebooking.it/ibe2/hotel/6757?lang=EN&cur=PHP&guests=A%2CA&in=2026-09-19&out=2026-09-20,2026-09-02T18:31:55,Selenium browser extraction,Best Available Rate,24300,True,Free cancellation or modification until 7 days before arrival,,7,True,"Reservation guarantee required through credit card, cash payment, or bank deposit",One room night,2:00 PM,11:00 AM,Children 12 years and below may share existing bedding. Children 0 to 5 receive complimentary breakfast. Children 6 to 12 receive 50 percent off the buffet breakfast rate.,,"Best Available Rate

INCLUSIONS: Superior to one-bedroom suites: • Overnight stay for two adults and two children aged 12 years and below • Buffet breakfast for two adults and two children aged 5 years and below • Use of hotel facilities (gym, game room, kids’ club and swimming pool), Wi-Fi access and one parking slot Two-bedrooms suites: • Overnight stay for four adults and two children aged 12 years and below • Buffet breakfast for four adults and two children aged 5 years and below • Use of hotel facilities (gym, game room, kids’ club and swimming pool), Wi-Fi access and one parking slot Presidential Villa: • Overnight stay for six adults and six children aged 12 years and below • Buffet breakfast for six adults and six children aged 5 years and below • Use of hotel facilities (gym, game room, kids’ club and swimming pool), Wi-Fi access and one parking slot TERMS AND CONDITIONS: • Rates are inclusive of applicable taxes. • Rooms are subject to availability. Prior reservation is required. • Standard extra person charges apply. The maximum capacity of each room must be observed. • A guarantee is needed to confirm the reservation, in the form of a credit card, cash payment, or bank deposit. The credit card provided will be used for pre-authorization purposes to guarantee the booking. In case another credit card is used to settle or will opt to pay in cash, reversal of the pre-authorized amount will take place within five to seven banking days. • Booking modifications or cancellations without charges will be permitted up to seven (7) days before the scheduled arrival date. Any changes to the reservation are subject to availability and rate differences. Failure to arrive or provide a late cancellation notice will result in a penalty fee equal to the cost of one (1) room night. Children Policy: • Children 12 years and below can stay and share existing bedding/s in the room. • 0 to 5 years old are entitled to complimentary breakfast; 6 to 12 Years old will be charged 50% off the buffet breakfast rate. Check-in/Check-out Time: • Hotel's standard check-in time is 2 PM and the standard check-out time is 11 AM.

See more

Breakfast Included

₱24,300
Reserve"
43,Deluxe Suite Mountain (2 Bedroom),92.0,33921,Only 3 left,2,2026-09-19,2026-09-20,Weekend,1,1,2,0,PHP,Total for one night,Taxes included,https://www.simplebooking.it/ibe2/hotel/6757?lang=EN&cur=PHP&guests=A%2CA&in=2026-09-19&out=2026-09-20,2026-09-02T18:31:55,Selenium browser extraction,Best Available Rate,33921,True,Free cancellation or modification until 7 days before arrival,,7,True,"Reservation guarantee required through credit card, cash payment, or bank deposit",One room night,2:00 PM,11:00 AM,Children 12 years and below may share existing bedding. Children 0 to 5 receive complimentary breakfast. Children 6 to 12 receive 50 percent off the buffet breakfast rate.,,"Best Available Rate

INCLUSIONS: Superior to one-bedroom suites: • Overnight stay for two adults and two children aged 12 years and below • Buffet breakfast for two adults and two children aged 5 years and below • Use of hotel facilities (gym, game room, kids’ club and swimming pool), Wi-Fi access and one parking slot Two-bedrooms suites: • Overnight stay for four adults and two children aged 12 years and below • Buffet breakfast for four adults and two children aged 5 years and below • Use of hotel facilities (gym, game room, kids’ club and swimming pool), Wi-Fi access and one parking slot Presidential Villa: • Overnight stay for six adults and six children aged 12 years and below • Buffet breakfast for six adults and six children aged 5 years and below • Use of hotel facilities (gym, game room, kids’ club and swimming pool), Wi-Fi access and one parking slot TERMS AND CONDITIONS: • Rates are inclusive of applicable taxes. • Rooms are subject to availability. Prior reservation is required. • Standard extra person charges apply. The maximum capacity of each room must be observed. • A guarantee is needed to confirm the reservation, in the form of a credit card, cash payment, or bank deposit. The credit card provided will be used for pre-authorization purposes to guarantee the booking. In case another credit card is used to settle or will opt to pay in cash, reversal of the pre-authorized amount will take place within five to seven banking days. • Booking modifications or cancellations without charges will be permitted up to seven (7) days before the scheduled arrival date. Any changes to the reservation are subject to availability and rate differences. Failure to arrive or provide a late cancellation notice will result in a penalty fee equal to the cost of one (1) room night. Children Policy: • Children 12 years and below can stay and share existing bedding/s in the room. • 0 to 5 years old are entitled to complimentary breakfast; 6 to 12 Years old will be charged 50% off the buffet breakfast rate. Check-in/Check-out Time: • Hotel's standard check-in time is 2 PM and the standard check-out time is 11 AM.

See more

Breakfast Included

₱33,921
Reserve"
44,Deluxe Suite Mountain (2 Bedroom),92.0,33921,Only 3 left,2,2026-09-19,2026-09-20,Weekend,1,1,2,0,PHP,Total for one night,Taxes included,https://www.simplebooking.it/ibe2/hotel/6757?lang=EN&cur=PHP&guests=A%2CA&in=2026-09-19&out=2026-09-20,2026-09-02T18:31:55,Selenium browser extraction,Weekend Feast Escape,34000,True,Nonrefundable,,0,False,Full prepayment required,Full prepayment forfeited,2:00 PM,11:00 AM,Children 12 years and below may share existing bedding. Children 0 to 5 receive complimentary breakfast. Children 6 to 12 receive 50 percent off the buffet breakfast rate.,,"Weekend Feast Escape

A relaxing overnight stay, a hearty breakfast, and a delicious lunch or dinner buffet at Veranda - best way to spend the weekend at Tagaytay! Inclusions: Superior to one-bedroom suites: • Overnight stay for two adults and two children aged 12 years and below • Buffet breakfast for two adults and two children aged 5 years and below • Lunch or dinner buffet for two adults and two children aged 5 years and below • 15% discount on Rain, The Spa services • Use of hotel facilities (gym, game room, kids’ club, and swimming pool), Wi-Fi access, and one parking slot Two-bedroom suites: • Overnight stay for four adults and two children aged 12 years and below • Buffet breakfast for four adults and two children aged 5 years and below • Lunch or dinner buffet for four adults and two children aged 5 years and below • 15% discount on Rain, The Spa services • Use of hotel facilities (gym, game room, kids’ club, and swimming pool), Wi-Fi access, and one parking slot TERMS AND CONDITIONS: • Booking and stay period valid from 15 February - 20 December 2026, Saturdays only. • Rates are inclusive of all applicable taxes. • Rooms are subject to availability, and prior reservation is required. Blackout dates apply. • Standard extra person charges apply. The maximum capacity of each room must be observed. • Lunch or dinner buffet must be consumed during the stay dates; any unconsumed food and beverage inclusions will be forfeited and cannot be accumulated for any other day or the next stay. • Booking confirmation must be presented to avail of the Kultura discount. The discount applies only to regular-priced items. It is valid only during the exact duration of the stay at Taal Vista Hotel. Not applicable to online transactions or department stores. Standard exclusions apply: food, beverages, cigars, Angeli Glass, and personal care products. • Full pre-payment is required and is non-cancellable and non-refundable upon booking. Modifications or cancellations to the reservation are not allowed. In the case of a no-show, the full pre-payment will be forfeited. • The offer cannot be exchanged for other items or discounts and cannot be used in conjunction with other promotional offers by the property. Senior Citizens and PWDs may either avail of this promotion or the standard discount from the regular rate under Republic Act No. 7432, 7277, and R.A. 9994. Children Policy: • Children 12 years and below can stay and share existing bedding/s in the room. • 0 to 5 years old are entitled to complimentary breakfast; 6 to 12 Years old will be charged 50% off the buffet breakfast rate. Check-in/Check-out Time: • Hotel's standard check-in time is 2 PM and the standard check-out time is 11 AM. Per DTI Fair Trade Permit No. R4A-CVT 100048 Series of 2026

See more
Not refundable

Breakfast Included

₱34,000
Reserve"
45,Deluxe Suite Two Bedroom,62.0,33921,Only 2 left,2,2026-09-19,2026-09-20,Weekend,1,1,2,0,PHP,Total for one night,Taxes included,https://www.simplebooking.it/ibe2/hotel/6757?lang=EN&cur=PHP&guests=A%2CA&in=2026-09-19&out=2026-09-20,2026-09-02T18:31:55,Selenium browser extraction,Best Available Rate,33921,True,Free cancellation or modification until 7 days before arrival,,7,True,"Reservation guarantee required through credit card, cash payment, or bank deposit",One room night,2:00 PM,11:00 AM,Children 12 years and below may share existing bedding. Children 0 to 5 receive complimentary breakfast. Children 6 to 12 receive 50 percent off the buffet breakfast rate.,,"Best Available Rate

INCLUSIONS: Superior to one-bedroom suites: • Overnight stay for two adults and two children aged 12 years and below • Buffet breakfast for two adults and two children aged 5 years and below • Use of hotel facilities (gym, game room, kids’ club and swimming pool), Wi-Fi access and one parking slot Two-bedrooms suites: • Overnight stay for four adults and two children aged 12 years and below • Buffet breakfast for four adults and two children aged 5 years and below • Use of hotel facilities (gym, game room, kids’ club and swimming pool), Wi-Fi access and one parking slot Presidential Villa: • Overnight stay for six adults and six children aged 12 years and below • Buffet breakfast for six adults and six children aged 5 years and below • Use of hotel facilities (gym, game room, kids’ club and swimming pool), Wi-Fi access and one parking slot TERMS AND CONDITIONS: • Rates are inclusive of applicable taxes. • Rooms are subject to availability. Prior reservation is required. • Standard extra person charges apply. The maximum capacity of each room must be observed. • A guarantee is needed to confirm the reservation, in the form of a credit card, cash payment, or bank deposit. The credit card provided will be used for pre-authorization purposes to guarantee the booking. In case another credit card is used to settle or will opt to pay in cash, reversal of the pre-authorized amount will take place within five to seven banking days. • Booking modifications or cancellations without charges will be permitted up to seven (7) days before the scheduled arrival date. Any changes to the reservation are subject to availability and rate differences. Failure to arrive or provide a late cancellation notice will result in a penalty fee equal to the cost of one (1) room night. Children Policy: • Children 12 years and below can stay and share existing bedding/s in the room. • 0 to 5 years old are entitled to complimentary breakfast; 6 to 12 Years old will be charged 50% off the buffet breakfast rate. Check-in/Check-out Time: • Hotel's standard check-in time is 2 PM and the standard check-out time is 11 AM.

See more

Breakfast Included

₱33,921
Reserve"
46,Deluxe Suite Two Bedroom,62.0,33921,Only 2 left,2,2026-09-19,2026-09-20,Weekend,1,1,2,0,PHP,Total for one night,Taxes included,https://www.simplebooking.it/ibe2/hotel/6757?lang=EN&cur=PHP&guests=A%2CA&in=2026-09-19&out=2026-09-20,2026-09-02T18:31:55,Selenium browser extraction,Weekend Feast Escape,35000,True,Nonrefundable,,0,False,Full prepayment required,Full prepayment forfeited,2:00 PM,11:00 AM,Children 12 years and below may share existing bedding. Children 0 to 5 receive complimentary breakfast. Children 6 to 12 receive 50 percent off the buffet breakfast rate.,,"Weekend Feast Escape

A relaxing overnight stay, a hearty breakfast, and a delicious lunch or dinner buffet at Veranda - best way to spend the weekend at Tagaytay! Inclusions: Superior to one-bedroom suites: • Overnight stay for two adults and two children aged 12 years and below • Buffet breakfast for two adults and two children aged 5 years and below • Lunch or dinner buffet for two adults and two children aged 5 years and below • 15% discount on Rain, The Spa services • Use of hotel facilities (gym, game room, kids’ club, and swimming pool), Wi-Fi access, and one parking slot Two-bedroom suites: • Overnight stay for four adults and two children aged 12 years and below • Buffet breakfast for four adults and two children aged 5 years and below • Lunch or dinner buffet for four adults and two children aged 5 years and below • 15% discount on Rain, The Spa services • Use of hotel facilities (gym, game room, kids’ club, and swimming pool), Wi-Fi access, and one parking slot TERMS AND CONDITIONS: • Booking and stay period valid from 15 February - 20 December 2026, Saturdays only. • Rates are inclusive of all applicable taxes. • Rooms are subject to availability, and prior reservation is required. Blackout dates apply. • Standard extra person charges apply. The maximum capacity of each room must be observed. • Lunch or dinner buffet must be consumed during the stay dates; any unconsumed food and beverage inclusions will be forfeited and cannot be accumulated for any other day or the next stay. • Booking confirmation must be presented to avail of the Kultura discount. The discount applies only to regular-priced items. It is valid only during the exact duration of the stay at Taal Vista Hotel. Not applicable to online transactions or department stores. Standard exclusions apply: food, beverages, cigars, Angeli Glass, and personal care products. • Full pre-payment is required and is non-cancellable and non-refundable upon booking. Modifications or cancellations to the reservation are not allowed. In the case of a no-show, the full pre-payment will be forfeited. • The offer cannot be exchanged for other items or discounts and cannot be used in conjunction with other promotional offers by the property. Senior Citizens and PWDs may either avail of this promotion or the standard discount from the regular rate under Republic Act No. 7432, 7277, and R.A. 9994. Children Policy: • Children 12 years and below can stay and share existing bedding/s in the room. • 0 to 5 years old are entitled to complimentary breakfast; 6 to 12 Years old will be charged 50% off the buffet breakfast rate. Check-in/Check-out Time: • Hotel's standard check-in time is 2 PM and the standard check-out time is 11 AM. Per DTI Fair Trade Permit No. R4A-CVT 100048 Series of 2026

See more
Not refundable

Breakfast Included

₱35,000
Reserve"
47,Tagaytay Suite One Bedroom,165.0,39784,Only 1 left,2,2026-09-19,2026-09-20,Weekend,1,1,2,0,PHP,Total for one night,Taxes included,https://www.simplebooking.it/ibe2/hotel/6757?lang=EN&cur=PHP&guests=A%2CA&in=2026-09-19&out=2026-09-20,2026-09-02T18:31:55,Selenium browser extraction,Best Available Rate,39784,True,Free cancellation or modification until 7 days before arrival,Displayed as 165 sqm; room description states 196 sqm,7,True,"Reservation guarantee required through credit card, cash payment, or bank deposit",One room night,2:00 PM,11:00 AM,Children 12 years and below may share existing bedding. Children 0 to 5 receive complimentary breakfast. Children 6 to 12 receive 50 percent off the buffet breakfast rate.,,"Best Available Rate

INCLUSIONS: Superior to one-bedroom suites: • Overnight stay for two adults and two children aged 12 years and below • Buffet breakfast for two adults and two children aged 5 years and below • Use of hotel facilities (gym, game room, kids’ club and swimming pool), Wi-Fi access and one parking slot Two-bedrooms suites: • Overnight stay for four adults and two children aged 12 years and below • Buffet breakfast for four adults and two children aged 5 years and below • Use of hotel facilities (gym, game room, kids’ club and swimming pool), Wi-Fi access and one parking slot Presidential Villa: • Overnight stay for six adults and six children aged 12 years and below • Buffet breakfast for six adults and six children aged 5 years and below • Use of hotel facilities (gym, game room, kids’ club and swimming pool), Wi-Fi access and one parking slot TERMS AND CONDITIONS: • Rates are inclusive of applicable taxes. • Rooms are subject to availability. Prior reservation is required. • Standard extra person charges apply. The maximum capacity of each room must be observed. • A guarantee is needed to confirm the reservation, in the form of a credit card, cash payment, or bank deposit. The credit card provided will be used for pre-authorization purposes to guarantee the booking. In case another credit card is used to settle or will opt to pay in cash, reversal of the pre-authorized amount will take place within five to seven banking days. • Booking modifications or cancellations without charges will be permitted up to seven (7) days before the scheduled arrival date. Any changes to the reservation are subject to availability and rate differences. Failure to arrive or provide a late cancellation notice will result in a penalty fee equal to the cost of one (1) room night. Children Policy: • Children 12 years and below can stay and share existing bedding/s in the room. • 0 to 5 years old are entitled to complimentary breakfast; 6 to 12 Years old will be charged 50% off the buffet breakfast rate. Check-in/Check-out Time: • Hotel's standard check-in time is 2 PM and the standard check-out time is 11 AM.

See more

Breakfast Included

₱39,784
Reserve"
48,Tagaytay Suite One Bedroom,165.0,39784,Only 1 left,2,2026-09-19,2026-09-20,Weekend,1,1,2,0,PHP,Total for one night,Taxes included,https://www.simplebooking.it/ibe2/hotel/6757?lang=EN&cur=PHP&guests=A%2CA&in=2026-09-19&out=2026-09-20,2026-09-02T18:31:55,Selenium browser extraction,Weekend Feast Escape,47000,True,Nonrefundable,Displayed as 165 sqm; room description states 196 sqm,0,False,Full prepayment required,Full prepayment forfeited,2:00 PM,11:00 AM,Children 12 years and below may share existing bedding. Children 0 to 5 receive complimentary breakfast. Children 6 to 12 receive 50 percent off the buffet breakfast rate.,,"Weekend Feast Escape

A relaxing overnight stay, a hearty breakfast, and a delicious lunch or dinner buffet at Veranda - best way to spend the weekend at Tagaytay! Inclusions: Superior to one-bedroom suites: • Overnight stay for two adults and two children aged 12 years and below • Buffet breakfast for two adults and two children aged 5 years and below • Lunch or dinner buffet for two adults and two children aged 5 years and below • 15% discount on Rain, The Spa services • Use of hotel facilities (gym, game room, kids’ club, and swimming pool), Wi-Fi access, and one parking slot Two-bedroom suites: • Overnight stay for four adults and two children aged 12 years and below • Buffet breakfast for four adults and two children aged 5 years and below • Lunch or dinner buffet for four adults and two children aged 5 years and below • 15% discount on Rain, The Spa services • Use of hotel facilities (gym, game room, kids’ club, and swimming pool), Wi-Fi access, and one parking slot TERMS AND CONDITIONS: • Booking and stay period valid from 15 February - 20 December 2026, Saturdays only. • Rates are inclusive of all applicable taxes. • Rooms are subject to availability, and prior reservation is required. Blackout dates apply. • Standard extra person charges apply. The maximum capacity of each room must be observed. • Lunch or dinner buffet must be consumed during the stay dates; any unconsumed food and beverage inclusions will be forfeited and cannot be accumulated for any other day or the next stay. • Booking confirmation must be presented to avail of the Kultura discount. The discount applies only to regular-priced items. It is valid only during the exact duration of the stay at Taal Vista Hotel. Not applicable to online transactions or department stores. Standard exclusions apply: food, beverages, cigars, Angeli Glass, and personal care products. • Full pre-payment is required and is non-cancellable and non-refundable upon booking. Modifications or cancellations to the reservation are not allowed. In the case of a no-show, the full pre-payment will be forfeited. • The offer cannot be exchanged for other items or discounts and cannot be used in conjunction with other promotional offers by the property. Senior Citizens and PWDs may either avail of this promotion or the standard discount from the regular rate under Republic Act No. 7432, 7277, and R.A. 9994. Children Policy: • Children 12 years and below can stay and share existing bedding/s in the room. • 0 to 5 years old are entitled to complimentary breakfast; 6 to 12 Years old will be charged 50% off the buffet breakfast rate. Check-in/Check-out Time: • Hotel's standard check-in time is 2 PM and the standard check-out time is 11 AM. Per DTI Fair Trade Permit No. R4A-CVT 100048 Series of 2026

See more
Not refundable

Breakfast Included

₱47,000
Reserve"
49,Tagaytay Suite Two Bedroom,196.0,57900,Only 1 left,2,2026-09-19,2026-09-20,Weekend,1,1,2,0,PHP,Total for one night,Taxes included,https://www.simplebooking.it/ibe2/hotel/6757?lang=EN&cur=PHP&guests=A%2CA&in=2026-09-19&out=2026-09-20,2026-09-02T18:31:55,Selenium browser extraction,Best Available Rate,57900,True,Free cancellation or modification until 7 days before arrival,,7,True,"Reservation guarantee required through credit card, cash payment, or bank deposit",One room night,2:00 PM,11:00 AM,Children 12 years and below may share existing bedding. Children 0 to 5 receive complimentary breakfast. Children 6 to 12 receive 50 percent off the buffet breakfast rate.,,"Best Available Rate

INCLUSIONS: Superior to one-bedroom suites: • Overnight stay for two adults and two children aged 12 years and below • Buffet breakfast for two adults and two children aged 5 years and below • Use of hotel facilities (gym, game room, kids’ club and swimming pool), Wi-Fi access and one parking slot Two-bedrooms suites: • Overnight stay for four adults and two children aged 12 years and below • Buffet breakfast for four adults and two children aged 5 years and below • Use of hotel facilities (gym, game room, kids’ club and swimming pool), Wi-Fi access and one parking slot Presidential Villa: • Overnight stay for six adults and six children aged 12 years and below • Buffet breakfast for six adults and six children aged 5 years and below • Use of hotel facilities (gym, game room, kids’ club and swimming pool), Wi-Fi access and one parking slot TERMS AND CONDITIONS: • Rates are inclusive of applicable taxes. • Rooms are subject to availability. Prior reservation is required. • Standard extra person charges apply. The maximum capacity of each room must be observed. • A guarantee is needed to confirm the reservation, in the form of a credit card, cash payment, or bank deposit. The credit card provided will be used for pre-authorization purposes to guarantee the booking. In case another credit card is used to settle or will opt to pay in cash, reversal of the pre-authorized amount will take place within five to seven banking days. • Booking modifications or cancellations without charges will be permitted up to seven (7) days before the scheduled arrival date. Any changes to the reservation are subject to availability and rate differences. Failure to arrive or provide a late cancellation notice will result in a penalty fee equal to the cost of one (1) room night. Children Policy: • Children 12 years and below can stay and share existing bedding/s in the room. • 0 to 5 years old are entitled to complimentary breakfast; 6 to 12 Years old will be charged 50% off the buffet breakfast rate. Check-in/Check-out Time: • Hotel's standard check-in time is 2 PM and the standard check-out time is 11 AM.

See more

Breakfast Included

₱57,900
Reserve"
50,Tagaytay Suite Two Bedroom,196.0,57900,Only 1 left,2,2026-09-19,2026-09-20,Weekend,1,1,2,0,PHP,Total for one night,Taxes included,https://www.simplebooking.it/ibe2/hotel/6757?lang=EN&cur=PHP&guests=A%2CA&in=2026-09-19&out=2026-09-20,2026-09-02T18:31:55,Selenium browser extraction,Weekend Feast Escape,58000,True,Nonrefundable,,0,False,Full prepayment required,Full prepayment forfeited,2:00 PM,11:00 AM,Children 12 years and below may share existing bedding. Children 0 to 5 receive complimentary breakfast. Children 6 to 12 receive 50 percent off the buffet breakfast rate.,,"Weekend Feast Escape

A relaxing overnight stay, a hearty breakfast, and a delicious lunch or dinner buffet at Veranda - best way to spend the weekend at Tagaytay! Inclusions: Superior to one-bedroom suites: • Overnight stay for two adults and two children aged 12 years and below • Buffet breakfast for two adults and two children aged 5 years and below • Lunch or dinner buffet for two adults and two children aged 5 years and below • 15% discount on Rain, The Spa services • Use of hotel facilities (gym, game room, kids’ club, and swimming pool), Wi-Fi access, and one parking slot Two-bedroom suites: • Overnight stay for four adults and two children aged 12 years and below • Buffet breakfast for four adults and two children aged 5 years and below • Lunch or dinner buffet for four adults and two children aged 5 years and below • 15% discount on Rain, The Spa services • Use of hotel facilities (gym, game room, kids’ club, and swimming pool), Wi-Fi access, and one parking slot TERMS AND CONDITIONS: • Booking and stay period valid from 15 February - 20 December 2026, Saturdays only. • Rates are inclusive of all applicable taxes. • Rooms are subject to availability, and prior reservation is required. Blackout dates apply. • Standard extra person charges apply. The maximum capacity of each room must be observed. • Lunch or dinner buffet must be consumed during the stay dates; any unconsumed food and beverage inclusions will be forfeited and cannot be accumulated for any other day or the next stay. • Booking confirmation must be presented to avail of the Kultura discount. The discount applies only to regular-priced items. It is valid only during the exact duration of the stay at Taal Vista Hotel. Not applicable to online transactions or department stores. Standard exclusions apply: food, beverages, cigars, Angeli Glass, and personal care products. • Full pre-payment is required and is non-cancellable and non-refundable upon booking. Modifications or cancellations to the reservation are not allowed. In the case of a no-show, the full pre-payment will be forfeited. • The offer cannot be exchanged for other items or discounts and cannot be used in conjunction with other promotional offers by the property. Senior Citizens and PWDs may either avail of this promotion or the standard discount from the regular rate under Republic Act No. 7432, 7277, and R.A. 9994. Children Policy: • Children 12 years and below can stay and share existing bedding/s in the room. • 0 to 5 years old are entitled to complimentary breakfast; 6 to 12 Years old will be charged 50% off the buffet breakfast rate. Check-in/Check-out Time: • Hotel's standard check-in time is 2 PM and the standard check-out time is 11 AM. Per DTI Fair Trade Permit No. R4A-CVT 100048 Series of 2026

See more
Not refundable

Breakfast Included

₱58,000
Reserve"
51,Presidential Villa,630.0,253400,Only 1 left,2,2026-09-19,2026-09-20,Weekend,1,1,2,0,PHP,Total for one night,Taxes included,https://www.simplebooking.it/ibe2/hotel/6757?lang=EN&cur=PHP&guests=A%2CA&in=2026-09-19&out=2026-09-20,2026-09-02T18:31:55,Selenium browser extraction,Presidential Preferred,253400,True,Nonrefundable,Displayed as 630 sqm; room description states 630.2 sqm,0,False,Full prepayment required,Full prepayment forfeited,2:00 PM,11:00 AM,Children 12 years and below may share existing bedding. Children 0 to 5 receive complimentary breakfast. Children 6 to 12 receive 50 percent off the buffet breakfast rate.,,"Presidential Preferred

INCLUSIONS: • Breakfast for 6 adults and 6 children (5 years old and below) • Choice of Filipino or Continental breakfast, served in the Villa or buffet at Veranda • Fully stocked minibar featuring a curated selection of alcoholic and non-alcoholic beverages, along with assorted refreshments • Welcome drinks • Welcome amenities • Turndown amenities •24-hour Butler service TERMS AND CONDITIONS: • Rates are inclusive of applicable taxes. • Rooms are subject to availability. Prior reservation is required. • Extra person charge is inclusive of buffet breakfast. • Booking confirmation must be presented to avail of the Kultura discount. The discount applies only to regular-priced items. It is valid only during the exact duration of the stay at Taal Vista Hotel. Not applicable to online transactions or department stores. Standard exclusions apply: food, beverages, cigars, Angeli Glass, and personal care products. • A guarantee is required to confirm the reservation and can be provided in the form of a credit card details, cash payment, or bank deposit. • Reservation requires full pre-payment to confirm. Payment is non-refundable and modification or cancellation to the reservation is not allowed. 100% pre-payment will be forfeited if you do not arrive within 24 hours of the check-in date and time of the hotel (or no show). • Standard extra person charges apply. The maximum capacity of each must be observed. Children Policy: • Children 12 years and below can stay and share existing bedding/s in the room. • 0 to 5 years old are entitled to complimentary breakfast; 6 to 12 Years old will be charged 50% off the buffet breakfast rate. Check-in/Check-out Time: • Hotel's standard check-in time is 2 PM and the standard check-out time is 11 AM.

See more
Not refundable

Breakfast Included

₱253,400
Reserve"
52,Superior King,29.0,11900,,3,2026-10-12,2026-10-13,Weekday,1,1,2,0,PHP,Total for one night,Taxes included,https://www.simplebooking.it/ibe2/hotel/6757?lang=EN&cur=PHP&guests=A%2CA&in=2026-10-12&out=2026-10-13,2026-09-02T18:43:37,Selenium browser extraction,Best Available Rate,11900,True,Free cancellation or modification until 7 days before arrival,,7,True,"Reservation guarantee required through credit card, cash payment, or bank deposit",One room night,2:00 PM,11:00 AM,Children 12 years and below may share existing bedding. Children 0 to 5 receive complimentary breakfast. Children 6 to 12 receive 50 percent off the buffet breakfast rate.,,"Best Available Rate

INCLUSIONS: Superior to one-bedroom suites: • Overnight stay for two adults and two children aged 12 years and below • Buffet breakfast for two adults and two children aged 5 years and below • Use of hotel facilities (gym, game room, kids’ club and swimming pool), Wi-Fi access and one parking slot Two-bedrooms suites: • Overnight stay for four adults and two children aged 12 years and below • Buffet breakfast for four adults and two children aged 5 years and below • Use of hotel facilities (gym, game room, kids’ club and swimming pool), Wi-Fi access and one parking slot Presidential Villa: • Overnight stay for six adults and six children aged 12 years and below • Buffet breakfast for six adults and six children aged 5 years and below • Use of hotel facilities (gym, game room, kids’ club and swimming pool), Wi-Fi access and one parking slot TERMS AND CONDITIONS: • Rates are inclusive of applicable taxes. • Rooms are subject to availability. Prior reservation is required. • Standard extra person charges apply. The maximum capacity of each room must be observed. • A guarantee is needed to confirm the reservation, in the form of a credit card, cash payment, or bank deposit. The credit card provided will be used for pre-authorization purposes to guarantee the booking. In case another credit card is used to settle or will opt to pay in cash, reversal of the pre-authorized amount will take place within five to seven banking days. • Booking modifications or cancellations without charges will be permitted up to seven (7) days before the scheduled arrival date. Any changes to the reservation are subject to availability and rate differences. Failure to arrive or provide a late cancellation notice will result in a penalty fee equal to the cost of one (1) room night. Children Policy: • Children 12 years and below can stay and share existing bedding/s in the room. • 0 to 5 years old are entitled to complimentary breakfast; 6 to 12 Years old will be charged 50% off the buffet breakfast rate. Check-in/Check-out Time: • Hotel's standard check-in time is 2 PM and the standard check-out time is 11 AM.

See more

Breakfast Included

₱11,900
Reserve"
53,Superior Twin,29.0,11900,,3,2026-10-12,2026-10-13,Weekday,1,1,2,0,PHP,Total for one night,Taxes included,https://www.simplebooking.it/ibe2/hotel/6757?lang=EN&cur=PHP&guests=A%2CA&in=2026-10-12&out=2026-10-13,2026-09-02T18:43:37,Selenium browser extraction,Best Available Rate,11900,True,Free cancellation or modification until 7 days before arrival,,7,True,"Reservation guarantee required through credit card, cash payment, or bank deposit",One room night,2:00 PM,11:00 AM,Children 12 years and below may share existing bedding. Children 0 to 5 receive complimentary breakfast. Children 6 to 12 receive 50 percent off the buffet breakfast rate.,,"Best Available Rate

INCLUSIONS: Superior to one-bedroom suites: • Overnight stay for two adults and two children aged 12 years and below • Buffet breakfast for two adults and two children aged 5 years and below • Use of hotel facilities (gym, game room, kids’ club and swimming pool), Wi-Fi access and one parking slot Two-bedrooms suites: • Overnight stay for four adults and two children aged 12 years and below • Buffet breakfast for four adults and two children aged 5 years and below • Use of hotel facilities (gym, game room, kids’ club and swimming pool), Wi-Fi access and one parking slot Presidential Villa: • Overnight stay for six adults and six children aged 12 years and below • Buffet breakfast for six adults and six children aged 5 years and below • Use of hotel facilities (gym, game room, kids’ club and swimming pool), Wi-Fi access and one parking slot TERMS AND CONDITIONS: • Rates are inclusive of applicable taxes. • Rooms are subject to availability. Prior reservation is required. • Standard extra person charges apply. The maximum capacity of each room must be observed. • A guarantee is needed to confirm the reservation, in the form of a credit card, cash payment, or bank deposit. The credit card provided will be used for pre-authorization purposes to guarantee the booking. In case another credit card is used to settle or will opt to pay in cash, reversal of the pre-authorized amount will take place within five to seven banking days. • Booking modifications or cancellations without charges will be permitted up to seven (7) days before the scheduled arrival date. Any changes to the reservation are subject to availability and rate differences. Failure to arrive or provide a late cancellation notice will result in a penalty fee equal to the cost of one (1) room night. Children Policy: • Children 12 years and below can stay and share existing bedding/s in the room. • 0 to 5 years old are entitled to complimentary breakfast; 6 to 12 Years old will be charged 50% off the buffet breakfast rate. Check-in/Check-out Time: • Hotel's standard check-in time is 2 PM and the standard check-out time is 11 AM.

See more

Breakfast Included

₱11,900
Reserve"
54,Deluxe King,34.0,10965,,3,2026-10-12,2026-10-13,Weekday,1,1,2,0,PHP,Total for one night,Taxes included,https://www.simplebooking.it/ibe2/hotel/6757?lang=EN&cur=PHP&guests=A%2CA&in=2026-10-12&out=2026-10-13,2026-09-02T18:43:37,Selenium browser extraction,Elevated Escapes,12900,True,Nonrefundable,,0,False,Full prepayment required,Full prepayment forfeited,2:00 PM,11:00 AM,Children 12 years and below may share existing bedding. Children 0 to 5 receive complimentary breakfast. Children 6 to 12 receive 50 percent off the buffet breakfast rate.,,"Elevated Escapes

Where comfort meets calm and every view feels like a pause. Experience the new Lake Wing Rooms. Inclusions: • Overnight stay for two adults and two children aged 12 years and below. • Buffet breakfast for two adults and two children aged 5 years and below. • 15% off on à la carte orders with a minimum single-receipt spend of Php 3,000 at Veranda. • 10% discount on all Kultura Butik and Malls. • Use of hotel facilities (gym, game room, kids’ club and swimming pool), Wi-Fi access and one parking slot. Terms and Conditions: • Booking and stay period is from 16 April - 19 December 2026. • Prior reservation is required. Blackout dates apply, and subject to availability. • Rates are inclusive of all applicable taxes. • Rooms are subject to availability, and prior reservation is required. Blackout dates apply. • Standard extra person charges apply. The maximum capacity of each room must be observed. • Extra person charges apply, and room capacity limits must be observed. • Children’s Meal Policy: Children aged 5 years and below are entitled to a complimentary buffet breakfast. Children aged 6 to 12 years will be charged 50% of the buffet rate. • Booking confirmation must be presented to avail of the Kultura discount. The discount applies only to regular-priced items. It is valid only during the exact duration of the stay at Taal Vista Hotel. Not applicable to online transactions or department stores. Standard exclusions apply: food, beverages, cigars, Angeli Glass, and personal care products • Full pre-payment is required and is non-cancellable and non-refundable upon booking. Modifications or cancellations to the reservation are not allowed. In the case of a no-show, the full pre-payment will be forfeited. • The offer cannot be exchanged for other items or discount and cannot be used in conjunction with other promotional offers by the property. Senior Citizens and PWDs may either avail of this promotion or the standard discount from the regular rate under Republic Act No. 7432 and 7277 under R.A. 9994. Cancellation Policy: Reservation requires full pre-payment to confirm. Payment is non-refundable and modification or cancellation to the reservation is not allowed. 100% pre-payment will be forfeited if you do not arrive within 24 hours of the check-in date and time of the hotel (or no show). Per DTI Fair Trade Permit No. R4A-Cav 205 Series of 2026

See more
Not refundable

Breakfast Included

₱10,965
-15%₱12,900
Reserve"
55,Deluxe King,34.0,10965,,3,2026-10-12,2026-10-13,Weekday,1,1,2,0,PHP,Total for one night,Taxes included,https://www.simplebooking.it/ibe2/hotel/6757?lang=EN&cur=PHP&guests=A%2CA&in=2026-10-12&out=2026-10-13,2026-09-02T18:43:37,Selenium browser extraction,Best Available Rate,12900,True,Free cancellation or modification until 7 days before arrival,,7,True,"Reservation guarantee required through credit card, cash payment, or bank deposit",One room night,2:00 PM,11:00 AM,Children 12 years and below may share existing bedding. Children 0 to 5 receive complimentary breakfast. Children 6 to 12 receive 50 percent off the buffet breakfast rate.,,"Best Available Rate

INCLUSIONS: Superior to one-bedroom suites: • Overnight stay for two adults and two children aged 12 years and below • Buffet breakfast for two adults and two children aged 5 years and below • Use of hotel facilities (gym, game room, kids’ club and swimming pool), Wi-Fi access and one parking slot Two-bedrooms suites: • Overnight stay for four adults and two children aged 12 years and below • Buffet breakfast for four adults and two children aged 5 years and below • Use of hotel facilities (gym, game room, kids’ club and swimming pool), Wi-Fi access and one parking slot Presidential Villa: • Overnight stay for six adults and six children aged 12 years and below • Buffet breakfast for six adults and six children aged 5 years and below • Use of hotel facilities (gym, game room, kids’ club and swimming pool), Wi-Fi access and one parking slot TERMS AND CONDITIONS: • Rates are inclusive of applicable taxes. • Rooms are subject to availability. Prior reservation is required. • Standard extra person charges apply. The maximum capacity of each room must be observed. • A guarantee is needed to confirm the reservation, in the form of a credit card, cash payment, or bank deposit. The credit card provided will be used for pre-authorization purposes to guarantee the booking. In case another credit card is used to settle or will opt to pay in cash, reversal of the pre-authorized amount will take place within five to seven banking days. • Booking modifications or cancellations without charges will be permitted up to seven (7) days before the scheduled arrival date. Any changes to the reservation are subject to availability and rate differences. Failure to arrive or provide a late cancellation notice will result in a penalty fee equal to the cost of one (1) room night. Children Policy: • Children 12 years and below can stay and share existing bedding/s in the room. • 0 to 5 years old are entitled to complimentary breakfast; 6 to 12 Years old will be charged 50% off the buffet breakfast rate. Check-in/Check-out Time: • Hotel's standard check-in time is 2 PM and the standard check-out time is 11 AM.

See more

Breakfast Included

₱12,900
Reserve"
56,Deluxe Mountain,29.0,11900,,3,2026-10-12,2026-10-13,Weekday,1,1,2,0,PHP,Total for one night,Taxes included,https://www.simplebooking.it/ibe2/hotel/6757?lang=EN&cur=PHP&guests=A%2CA&in=2026-10-12&out=2026-10-13,2026-09-02T18:43:37,Selenium browser extraction,Best Available Rate,11900,True,Free cancellation or modification until 7 days before arrival,,7,True,"Reservation guarantee required through credit card, cash payment, or bank deposit",One room night,2:00 PM,11:00 AM,Children 12 years and below may share existing bedding. Children 0 to 5 receive complimentary breakfast. Children 6 to 12 receive 50 percent off the buffet breakfast rate.,,"Best Available Rate

INCLUSIONS: Superior to one-bedroom suites: • Overnight stay for two adults and two children aged 12 years and below • Buffet breakfast for two adults and two children aged 5 years and below • Use of hotel facilities (gym, game room, kids’ club and swimming pool), Wi-Fi access and one parking slot Two-bedrooms suites: • Overnight stay for four adults and two children aged 12 years and below • Buffet breakfast for four adults and two children aged 5 years and below • Use of hotel facilities (gym, game room, kids’ club and swimming pool), Wi-Fi access and one parking slot Presidential Villa: • Overnight stay for six adults and six children aged 12 years and below • Buffet breakfast for six adults and six children aged 5 years and below • Use of hotel facilities (gym, game room, kids’ club and swimming pool), Wi-Fi access and one parking slot TERMS AND CONDITIONS: • Rates are inclusive of applicable taxes. • Rooms are subject to availability. Prior reservation is required. • Standard extra person charges apply. The maximum capacity of each room must be observed. • A guarantee is needed to confirm the reservation, in the form of a credit card, cash payment, or bank deposit. The credit card provided will be used for pre-authorization purposes to guarantee the booking. In case another credit card is used to settle or will opt to pay in cash, reversal of the pre-authorized amount will take place within five to seven banking days. • Booking modifications or cancellations without charges will be permitted up to seven (7) days before the scheduled arrival date. Any changes to the reservation are subject to availability and rate differences. Failure to arrive or provide a late cancellation notice will result in a penalty fee equal to the cost of one (1) room night. Children Policy: • Children 12 years and below can stay and share existing bedding/s in the room. • 0 to 5 years old are entitled to complimentary breakfast; 6 to 12 Years old will be charged 50% off the buffet breakfast rate. Check-in/Check-out Time: • Hotel's standard check-in time is 2 PM and the standard check-out time is 11 AM.

See more

Breakfast Included

₱11,900
Reserve"
57,Ridge,37.0,17500,,3,2026-10-12,2026-10-13,Weekday,1,1,2,0,PHP,Total for one night,Taxes included,https://www.simplebooking.it/ibe2/hotel/6757?lang=EN&cur=PHP&guests=A%2CA&in=2026-10-12&out=2026-10-13,2026-09-02T18:43:37,Selenium browser extraction,Best Available Rate,17500,True,Free cancellation or modification until 7 days before arrival,,7,True,"Reservation guarantee required through credit card, cash payment, or bank deposit",One room night,2:00 PM,11:00 AM,Children 12 years and below may share existing bedding. Children 0 to 5 receive complimentary breakfast. Children 6 to 12 receive 50 percent off the buffet breakfast rate.,,"Best Available Rate

INCLUSIONS: Superior to one-bedroom suites: • Overnight stay for two adults and two children aged 12 years and below • Buffet breakfast for two adults and two children aged 5 years and below • Use of hotel facilities (gym, game room, kids’ club and swimming pool), Wi-Fi access and one parking slot Two-bedrooms suites: • Overnight stay for four adults and two children aged 12 years and below • Buffet breakfast for four adults and two children aged 5 years and below • Use of hotel facilities (gym, game room, kids’ club and swimming pool), Wi-Fi access and one parking slot Presidential Villa: • Overnight stay for six adults and six children aged 12 years and below • Buffet breakfast for six adults and six children aged 5 years and below • Use of hotel facilities (gym, game room, kids’ club and swimming pool), Wi-Fi access and one parking slot TERMS AND CONDITIONS: • Rates are inclusive of applicable taxes. • Rooms are subject to availability. Prior reservation is required. • Standard extra person charges apply. The maximum capacity of each room must be observed. • A guarantee is needed to confirm the reservation, in the form of a credit card, cash payment, or bank deposit. The credit card provided will be used for pre-authorization purposes to guarantee the booking. In case another credit card is used to settle or will opt to pay in cash, reversal of the pre-authorized amount will take place within five to seven banking days. • Booking modifications or cancellations without charges will be permitted up to seven (7) days before the scheduled arrival date. Any changes to the reservation are subject to availability and rate differences. Failure to arrive or provide a late cancellation notice will result in a penalty fee equal to the cost of one (1) room night. Children Policy: • Children 12 years and below can stay and share existing bedding/s in the room. • 0 to 5 years old are entitled to complimentary breakfast; 6 to 12 Years old will be charged 50% off the buffet breakfast rate. Check-in/Check-out Time: • Hotel's standard check-in time is 2 PM and the standard check-out time is 11 AM.

See more

Breakfast Included

₱17,500
Reserve"
58,Premier Queen,38.0,17000,,3,2026-10-12,2026-10-13,Weekday,1,1,2,0,PHP,Total for one night,Taxes included,https://www.simplebooking.it/ibe2/hotel/6757?lang=EN&cur=PHP&guests=A%2CA&in=2026-10-12&out=2026-10-13,2026-09-02T18:43:37,Selenium browser extraction,Elevated Escapes,20000,True,Nonrefundable,,0,False,Full prepayment required,Full prepayment forfeited,2:00 PM,11:00 AM,Children 12 years and below may share existing bedding. Children 0 to 5 receive complimentary breakfast. Children 6 to 12 receive 50 percent off the buffet breakfast rate.,,"Elevated Escapes

Where comfort meets calm and every view feels like a pause. Experience the new Lake Wing Rooms. Inclusions: • Overnight stay for two adults and two children aged 12 years and below. • Buffet breakfast for two adults and two children aged 5 years and below. • 15% off on à la carte orders with a minimum single-receipt spend of Php 3,000 at Veranda. • 10% discount on all Kultura Butik and Malls. • Use of hotel facilities (gym, game room, kids’ club and swimming pool), Wi-Fi access and one parking slot. Terms and Conditions: • Booking and stay period is from 16 April - 19 December 2026. • Prior reservation is required. Blackout dates apply, and subject to availability. • Rates are inclusive of all applicable taxes. • Rooms are subject to availability, and prior reservation is required. Blackout dates apply. • Standard extra person charges apply. The maximum capacity of each room must be observed. • Extra person charges apply, and room capacity limits must be observed. • Children’s Meal Policy: Children aged 5 years and below are entitled to a complimentary buffet breakfast. Children aged 6 to 12 years will be charged 50% of the buffet rate. • Booking confirmation must be presented to avail of the Kultura discount. The discount applies only to regular-priced items. It is valid only during the exact duration of the stay at Taal Vista Hotel. Not applicable to online transactions or department stores. Standard exclusions apply: food, beverages, cigars, Angeli Glass, and personal care products • Full pre-payment is required and is non-cancellable and non-refundable upon booking. Modifications or cancellations to the reservation are not allowed. In the case of a no-show, the full pre-payment will be forfeited. • The offer cannot be exchanged for other items or discount and cannot be used in conjunction with other promotional offers by the property. Senior Citizens and PWDs may either avail of this promotion or the standard discount from the regular rate under Republic Act No. 7432 and 7277 under R.A. 9994. Cancellation Policy: Reservation requires full pre-payment to confirm. Payment is non-refundable and modification or cancellation to the reservation is not allowed. 100% pre-payment will be forfeited if you do not arrive within 24 hours of the check-in date and time of the hotel (or no show). Per DTI Fair Trade Permit No. R4A-Cav 205 Series of 2026

See more
Not refundable

Breakfast Included

₱17,000
-15%₱20,000
Reserve"
59,Premier Queen,38.0,17000,,3,2026-10-12,2026-10-13,Weekday,1,1,2,0,PHP,Total for one night,Taxes included,https://www.simplebooking.it/ibe2/hotel/6757?lang=EN&cur=PHP&guests=A%2CA&in=2026-10-12&out=2026-10-13,2026-09-02T18:43:37,Selenium browser extraction,Best Available Rate,20000,True,Free cancellation or modification until 7 days before arrival,,7,True,"Reservation guarantee required through credit card, cash payment, or bank deposit",One room night,2:00 PM,11:00 AM,Children 12 years and below may share existing bedding. Children 0 to 5 receive complimentary breakfast. Children 6 to 12 receive 50 percent off the buffet breakfast rate.,,"Best Available Rate

INCLUSIONS: Superior to one-bedroom suites: • Overnight stay for two adults and two children aged 12 years and below • Buffet breakfast for two adults and two children aged 5 years and below • Use of hotel facilities (gym, game room, kids’ club and swimming pool), Wi-Fi access and one parking slot Two-bedrooms suites: • Overnight stay for four adults and two children aged 12 years and below • Buffet breakfast for four adults and two children aged 5 years and below • Use of hotel facilities (gym, game room, kids’ club and swimming pool), Wi-Fi access and one parking slot Presidential Villa: • Overnight stay for six adults and six children aged 12 years and below • Buffet breakfast for six adults and six children aged 5 years and below • Use of hotel facilities (gym, game room, kids’ club and swimming pool), Wi-Fi access and one parking slot TERMS AND CONDITIONS: • Rates are inclusive of applicable taxes. • Rooms are subject to availability. Prior reservation is required. • Standard extra person charges apply. The maximum capacity of each room must be observed. • A guarantee is needed to confirm the reservation, in the form of a credit card, cash payment, or bank deposit. The credit card provided will be used for pre-authorization purposes to guarantee the booking. In case another credit card is used to settle or will opt to pay in cash, reversal of the pre-authorized amount will take place within five to seven banking days. • Booking modifications or cancellations without charges will be permitted up to seven (7) days before the scheduled arrival date. Any changes to the reservation are subject to availability and rate differences. Failure to arrive or provide a late cancellation notice will result in a penalty fee equal to the cost of one (1) room night. Children Policy: • Children 12 years and below can stay and share existing bedding/s in the room. • 0 to 5 years old are entitled to complimentary breakfast; 6 to 12 Years old will be charged 50% off the buffet breakfast rate. Check-in/Check-out Time: • Hotel's standard check-in time is 2 PM and the standard check-out time is 11 AM.

See more

Breakfast Included

₱20,000
Reserve"
60,Deluxe Suite One Bedroom,62.0,23100,Only 3 left,3,2026-10-12,2026-10-13,Weekday,1,1,2,0,PHP,Total for one night,Taxes included,https://www.simplebooking.it/ibe2/hotel/6757?lang=EN&cur=PHP&guests=A%2CA&in=2026-10-12&out=2026-10-13,2026-09-02T18:43:37,Selenium browser extraction,Best Available Rate,23100,True,Free cancellation or modification until 7 days before arrival,,7,True,"Reservation guarantee required through credit card, cash payment, or bank deposit",One room night,2:00 PM,11:00 AM,Children 12 years and below may share existing bedding. Children 0 to 5 receive complimentary breakfast. Children 6 to 12 receive 50 percent off the buffet breakfast rate.,,"Best Available Rate

INCLUSIONS: Superior to one-bedroom suites: • Overnight stay for two adults and two children aged 12 years and below • Buffet breakfast for two adults and two children aged 5 years and below • Use of hotel facilities (gym, game room, kids’ club and swimming pool), Wi-Fi access and one parking slot Two-bedrooms suites: • Overnight stay for four adults and two children aged 12 years and below • Buffet breakfast for four adults and two children aged 5 years and below • Use of hotel facilities (gym, game room, kids’ club and swimming pool), Wi-Fi access and one parking slot Presidential Villa: • Overnight stay for six adults and six children aged 12 years and below • Buffet breakfast for six adults and six children aged 5 years and below • Use of hotel facilities (gym, game room, kids’ club and swimming pool), Wi-Fi access and one parking slot TERMS AND CONDITIONS: • Rates are inclusive of applicable taxes. • Rooms are subject to availability. Prior reservation is required. • Standard extra person charges apply. The maximum capacity of each room must be observed. • A guarantee is needed to confirm the reservation, in the form of a credit card, cash payment, or bank deposit. The credit card provided will be used for pre-authorization purposes to guarantee the booking. In case another credit card is used to settle or will opt to pay in cash, reversal of the pre-authorized amount will take place within five to seven banking days. • Booking modifications or cancellations without charges will be permitted up to seven (7) days before the scheduled arrival date. Any changes to the reservation are subject to availability and rate differences. Failure to arrive or provide a late cancellation notice will result in a penalty fee equal to the cost of one (1) room night. Children Policy: • Children 12 years and below can stay and share existing bedding/s in the room. • 0 to 5 years old are entitled to complimentary breakfast; 6 to 12 Years old will be charged 50% off the buffet breakfast rate. Check-in/Check-out Time: • Hotel's standard check-in time is 2 PM and the standard check-out time is 11 AM.

See more

Breakfast Included

₱23,100
Reserve"
61,Deluxe Suite Mountain (2 Bedroom),92.0,30900,Only 3 left,3,2026-10-12,2026-10-13,Weekday,1,1,2,0,PHP,Total for one night,Taxes included,https://www.simplebooking.it/ibe2/hotel/6757?lang=EN&cur=PHP&guests=A%2CA&in=2026-10-12&out=2026-10-13,2026-09-02T18:43:37,Selenium browser extraction,Best Available Rate,30900,True,Free cancellation or modification until 7 days before arrival,,7,True,"Reservation guarantee required through credit card, cash payment, or bank deposit",One room night,2:00 PM,11:00 AM,Children 12 years and below may share existing bedding. Children 0 to 5 receive complimentary breakfast. Children 6 to 12 receive 50 percent off the buffet breakfast rate.,,"Best Available Rate

INCLUSIONS: Superior to one-bedroom suites: • Overnight stay for two adults and two children aged 12 years and below • Buffet breakfast for two adults and two children aged 5 years and below • Use of hotel facilities (gym, game room, kids’ club and swimming pool), Wi-Fi access and one parking slot Two-bedrooms suites: • Overnight stay for four adults and two children aged 12 years and below • Buffet breakfast for four adults and two children aged 5 years and below • Use of hotel facilities (gym, game room, kids’ club and swimming pool), Wi-Fi access and one parking slot Presidential Villa: • Overnight stay for six adults and six children aged 12 years and below • Buffet breakfast for six adults and six children aged 5 years and below • Use of hotel facilities (gym, game room, kids’ club and swimming pool), Wi-Fi access and one parking slot TERMS AND CONDITIONS: • Rates are inclusive of applicable taxes. • Rooms are subject to availability. Prior reservation is required. • Standard extra person charges apply. The maximum capacity of each room must be observed. • A guarantee is needed to confirm the reservation, in the form of a credit card, cash payment, or bank deposit. The credit card provided will be used for pre-authorization purposes to guarantee the booking. In case another credit card is used to settle or will opt to pay in cash, reversal of the pre-authorized amount will take place within five to seven banking days. • Booking modifications or cancellations without charges will be permitted up to seven (7) days before the scheduled arrival date. Any changes to the reservation are subject to availability and rate differences. Failure to arrive or provide a late cancellation notice will result in a penalty fee equal to the cost of one (1) room night. Children Policy: • Children 12 years and below can stay and share existing bedding/s in the room. • 0 to 5 years old are entitled to complimentary breakfast; 6 to 12 Years old will be charged 50% off the buffet breakfast rate. Check-in/Check-out Time: • Hotel's standard check-in time is 2 PM and the standard check-out time is 11 AM.

See more

Breakfast Included

₱30,900
Reserve"
62,Deluxe Suite Two Bedroom,62.0,33357,Only 2 left,3,2026-10-12,2026-10-13,Weekday,1,1,2,0,PHP,Total for one night,Taxes included,https://www.simplebooking.it/ibe2/hotel/6757?lang=EN&cur=PHP&guests=A%2CA&in=2026-10-12&out=2026-10-13,2026-09-02T18:43:37,Selenium browser extraction,Best Available Rate,33357,True,Free cancellation or modification until 7 days before arrival,,7,True,"Reservation guarantee required through credit card, cash payment, or bank deposit",One room night,2:00 PM,11:00 AM,Children 12 years and below may share existing bedding. Children 0 to 5 receive complimentary breakfast. Children 6 to 12 receive 50 percent off the buffet breakfast rate.,,"Best Available Rate

INCLUSIONS: Superior to one-bedroom suites: • Overnight stay for two adults and two children aged 12 years and below • Buffet breakfast for two adults and two children aged 5 years and below • Use of hotel facilities (gym, game room, kids’ club and swimming pool), Wi-Fi access and one parking slot Two-bedrooms suites: • Overnight stay for four adults and two children aged 12 years and below • Buffet breakfast for four adults and two children aged 5 years and below • Use of hotel facilities (gym, game room, kids’ club and swimming pool), Wi-Fi access and one parking slot Presidential Villa: • Overnight stay for six adults and six children aged 12 years and below • Buffet breakfast for six adults and six children aged 5 years and below • Use of hotel facilities (gym, game room, kids’ club and swimming pool), Wi-Fi access and one parking slot TERMS AND CONDITIONS: • Rates are inclusive of applicable taxes. • Rooms are subject to availability. Prior reservation is required. • Standard extra person charges apply. The maximum capacity of each room must be observed. • A guarantee is needed to confirm the reservation, in the form of a credit card, cash payment, or bank deposit. The credit card provided will be used for pre-authorization purposes to guarantee the booking. In case another credit card is used to settle or will opt to pay in cash, reversal of the pre-authorized amount will take place within five to seven banking days. • Booking modifications or cancellations without charges will be permitted up to seven (7) days before the scheduled arrival date. Any changes to the reservation are subject to availability and rate differences. Failure to arrive or provide a late cancellation notice will result in a penalty fee equal to the cost of one (1) room night. Children Policy: • Children 12 years and below can stay and share existing bedding/s in the room. • 0 to 5 years old are entitled to complimentary breakfast; 6 to 12 Years old will be charged 50% off the buffet breakfast rate. Check-in/Check-out Time: • Hotel's standard check-in time is 2 PM and the standard check-out time is 11 AM.

See more

Breakfast Included

₱33,357
Reserve"
63,Taal Suite One Bedroom,78.0,25900,Only 1 left,3,2026-10-12,2026-10-13,Weekday,1,1,2,0,PHP,Total for one night,Taxes included,https://www.simplebooking.it/ibe2/hotel/6757?lang=EN&cur=PHP&guests=A%2CA&in=2026-10-12&out=2026-10-13,2026-09-02T18:43:37,Selenium browser extraction,Best Available Rate,25900,True,Free cancellation or modification until 7 days before arrival,,7,True,"Reservation guarantee required through credit card, cash payment, or bank deposit",One room night,2:00 PM,11:00 AM,Children 12 years and below may share existing bedding. Children 0 to 5 receive complimentary breakfast. Children 6 to 12 receive 50 percent off the buffet breakfast rate.,,"Best Available Rate

INCLUSIONS: Superior to one-bedroom suites: • Overnight stay for two adults and two children aged 12 years and below • Buffet breakfast for two adults and two children aged 5 years and below • Use of hotel facilities (gym, game room, kids’ club and swimming pool), Wi-Fi access and one parking slot Two-bedrooms suites: • Overnight stay for four adults and two children aged 12 years and below • Buffet breakfast for four adults and two children aged 5 years and below • Use of hotel facilities (gym, game room, kids’ club and swimming pool), Wi-Fi access and one parking slot Presidential Villa: • Overnight stay for six adults and six children aged 12 years and below • Buffet breakfast for six adults and six children aged 5 years and below • Use of hotel facilities (gym, game room, kids’ club and swimming pool), Wi-Fi access and one parking slot TERMS AND CONDITIONS: • Rates are inclusive of applicable taxes. • Rooms are subject to availability. Prior reservation is required. • Standard extra person charges apply. The maximum capacity of each room must be observed. • A guarantee is needed to confirm the reservation, in the form of a credit card, cash payment, or bank deposit. The credit card provided will be used for pre-authorization purposes to guarantee the booking. In case another credit card is used to settle or will opt to pay in cash, reversal of the pre-authorized amount will take place within five to seven banking days. • Booking modifications or cancellations without charges will be permitted up to seven (7) days before the scheduled arrival date. Any changes to the reservation are subject to availability and rate differences. Failure to arrive or provide a late cancellation notice will result in a penalty fee equal to the cost of one (1) room night. Children Policy: • Children 12 years and below can stay and share existing bedding/s in the room. • 0 to 5 years old are entitled to complimentary breakfast; 6 to 12 Years old will be charged 50% off the buffet breakfast rate. Check-in/Check-out Time: • Hotel's standard check-in time is 2 PM and the standard check-out time is 11 AM.

See more

Breakfast Included

₱25,900
Reserve"
64,Taal Suite Two Bedroom,112.0,35200,Only 1 left,3,2026-10-12,2026-10-13,Weekday,1,1,2,0,PHP,Total for one night,Taxes included,https://www.simplebooking.it/ibe2/hotel/6757?lang=EN&cur=PHP&guests=A%2CA&in=2026-10-12&out=2026-10-13,2026-09-02T18:43:37,Selenium browser extraction,Best Available Rate,35200,True,Free cancellation or modification until 7 days before arrival,,7,True,"Reservation guarantee required through credit card, cash payment, or bank deposit",One room night,2:00 PM,11:00 AM,Children 12 years and below may share existing bedding. Children 0 to 5 receive complimentary breakfast. Children 6 to 12 receive 50 percent off the buffet breakfast rate.,,"Best Available Rate

INCLUSIONS: Superior to one-bedroom suites: • Overnight stay for two adults and two children aged 12 years and below • Buffet breakfast for two adults and two children aged 5 years and below • Use of hotel facilities (gym, game room, kids’ club and swimming pool), Wi-Fi access and one parking slot Two-bedrooms suites: • Overnight stay for four adults and two children aged 12 years and below • Buffet breakfast for four adults and two children aged 5 years and below • Use of hotel facilities (gym, game room, kids’ club and swimming pool), Wi-Fi access and one parking slot Presidential Villa: • Overnight stay for six adults and six children aged 12 years and below • Buffet breakfast for six adults and six children aged 5 years and below • Use of hotel facilities (gym, game room, kids’ club and swimming pool), Wi-Fi access and one parking slot TERMS AND CONDITIONS: • Rates are inclusive of applicable taxes. • Rooms are subject to availability. Prior reservation is required. • Standard extra person charges apply. The maximum capacity of each room must be observed. • A guarantee is needed to confirm the reservation, in the form of a credit card, cash payment, or bank deposit. The credit card provided will be used for pre-authorization purposes to guarantee the booking. In case another credit card is used to settle or will opt to pay in cash, reversal of the pre-authorized amount will take place within five to seven banking days. • Booking modifications or cancellations without charges will be permitted up to seven (7) days before the scheduled arrival date. Any changes to the reservation are subject to availability and rate differences. Failure to arrive or provide a late cancellation notice will result in a penalty fee equal to the cost of one (1) room night. Children Policy: • Children 12 years and below can stay and share existing bedding/s in the room. • 0 to 5 years old are entitled to complimentary breakfast; 6 to 12 Years old will be charged 50% off the buffet breakfast rate. Check-in/Check-out Time: • Hotel's standard check-in time is 2 PM and the standard check-out time is 11 AM.

See more

Breakfast Included

₱35,200
Reserve"
65,Batangas Suite Two Bedroom,112.0,36200,Only 3 left,3,2026-10-12,2026-10-13,Weekday,1,1,2,0,PHP,Total for one night,Taxes included,https://www.simplebooking.it/ibe2/hotel/6757?lang=EN&cur=PHP&guests=A%2CA&in=2026-10-12&out=2026-10-13,2026-09-02T18:43:37,Selenium browser extraction,Best Available Rate,36200,True,Free cancellation or modification until 7 days before arrival,,7,True,"Reservation guarantee required through credit card, cash payment, or bank deposit",One room night,2:00 PM,11:00 AM,Children 12 years and below may share existing bedding. Children 0 to 5 receive complimentary breakfast. Children 6 to 12 receive 50 percent off the buffet breakfast rate.,,"Best Available Rate

INCLUSIONS: Superior to one-bedroom suites: • Overnight stay for two adults and two children aged 12 years and below • Buffet breakfast for two adults and two children aged 5 years and below • Use of hotel facilities (gym, game room, kids’ club and swimming pool), Wi-Fi access and one parking slot Two-bedrooms suites: • Overnight stay for four adults and two children aged 12 years and below • Buffet breakfast for four adults and two children aged 5 years and below • Use of hotel facilities (gym, game room, kids’ club and swimming pool), Wi-Fi access and one parking slot Presidential Villa: • Overnight stay for six adults and six children aged 12 years and below • Buffet breakfast for six adults and six children aged 5 years and below • Use of hotel facilities (gym, game room, kids’ club and swimming pool), Wi-Fi access and one parking slot TERMS AND CONDITIONS: • Rates are inclusive of applicable taxes. • Rooms are subject to availability. Prior reservation is required. • Standard extra person charges apply. The maximum capacity of each room must be observed. • A guarantee is needed to confirm the reservation, in the form of a credit card, cash payment, or bank deposit. The credit card provided will be used for pre-authorization purposes to guarantee the booking. In case another credit card is used to settle or will opt to pay in cash, reversal of the pre-authorized amount will take place within five to seven banking days. • Booking modifications or cancellations without charges will be permitted up to seven (7) days before the scheduled arrival date. Any changes to the reservation are subject to availability and rate differences. Failure to arrive or provide a late cancellation notice will result in a penalty fee equal to the cost of one (1) room night. Children Policy: • Children 12 years and below can stay and share existing bedding/s in the room. • 0 to 5 years old are entitled to complimentary breakfast; 6 to 12 Years old will be charged 50% off the buffet breakfast rate. Check-in/Check-out Time: • Hotel's standard check-in time is 2 PM and the standard check-out time is 11 AM.

See more

Breakfast Included

₱36,200
Reserve"
66,Tagaytay Suite One Bedroom,165.0,39220,Only 1 left,3,2026-10-12,2026-10-13,Weekday,1,1,2,0,PHP,Total for one night,Taxes included,https://www.simplebooking.it/ibe2/hotel/6757?lang=EN&cur=PHP&guests=A%2CA&in=2026-10-12&out=2026-10-13,2026-09-02T18:43:37,Selenium browser extraction,Best Available Rate,39220,True,Free cancellation or modification until 7 days before arrival,Displayed as 165 sqm; room description states 196 sqm,7,True,"Reservation guarantee required through credit card, cash payment, or bank deposit",One room night,2:00 PM,11:00 AM,Children 12 years and below may share existing bedding. Children 0 to 5 receive complimentary breakfast. Children 6 to 12 receive 50 percent off the buffet breakfast rate.,,"Best Available Rate

INCLUSIONS: Superior to one-bedroom suites: • Overnight stay for two adults and two children aged 12 years and below • Buffet breakfast for two adults and two children aged 5 years and below • Use of hotel facilities (gym, game room, kids’ club and swimming pool), Wi-Fi access and one parking slot Two-bedrooms suites: • Overnight stay for four adults and two children aged 12 years and below • Buffet breakfast for four adults and two children aged 5 years and below • Use of hotel facilities (gym, game room, kids’ club and swimming pool), Wi-Fi access and one parking slot Presidential Villa: • Overnight stay for six adults and six children aged 12 years and below • Buffet breakfast for six adults and six children aged 5 years and below • Use of hotel facilities (gym, game room, kids’ club and swimming pool), Wi-Fi access and one parking slot TERMS AND CONDITIONS: • Rates are inclusive of applicable taxes. • Rooms are subject to availability. Prior reservation is required. • Standard extra person charges apply. The maximum capacity of each room must be observed. • A guarantee is needed to confirm the reservation, in the form of a credit card, cash payment, or bank deposit. The credit card provided will be used for pre-authorization purposes to guarantee the booking. In case another credit card is used to settle or will opt to pay in cash, reversal of the pre-authorized amount will take place within five to seven banking days. • Booking modifications or cancellations without charges will be permitted up to seven (7) days before the scheduled arrival date. Any changes to the reservation are subject to availability and rate differences. Failure to arrive or provide a late cancellation notice will result in a penalty fee equal to the cost of one (1) room night. Children Policy: • Children 12 years and below can stay and share existing bedding/s in the room. • 0 to 5 years old are entitled to complimentary breakfast; 6 to 12 Years old will be charged 50% off the buffet breakfast rate. Check-in/Check-out Time: • Hotel's standard check-in time is 2 PM and the standard check-out time is 11 AM.

See more

Breakfast Included

₱39,220
Reserve"
67,Tagaytay Suite Two Bedroom,196.0,54700,Only 1 left,3,2026-10-12,2026-10-13,Weekday,1,1,2,0,PHP,Total for one night,Taxes included,https://www.simplebooking.it/ibe2/hotel/6757?lang=EN&cur=PHP&guests=A%2CA&in=2026-10-12&out=2026-10-13,2026-09-02T18:43:37,Selenium browser extraction,Best Available Rate,54700,True,Free cancellation or modification until 7 days before arrival,,7,True,"Reservation guarantee required through credit card, cash payment, or bank deposit",One room night,2:00 PM,11:00 AM,Children 12 years and below may share existing bedding. Children 0 to 5 receive complimentary breakfast. Children 6 to 12 receive 50 percent off the buffet breakfast rate.,,"Best Available Rate

INCLUSIONS: Superior to one-bedroom suites: • Overnight stay for two adults and two children aged 12 years and below • Buffet breakfast for two adults and two children aged 5 years and below • Use of hotel facilities (gym, game room, kids’ club and swimming pool), Wi-Fi access and one parking slot Two-bedrooms suites: • Overnight stay for four adults and two children aged 12 years and below • Buffet breakfast for four adults and two children aged 5 years and below • Use of hotel facilities (gym, game room, kids’ club and swimming pool), Wi-Fi access and one parking slot Presidential Villa: • Overnight stay for six adults and six children aged 12 years and below • Buffet breakfast for six adults and six children aged 5 years and below • Use of hotel facilities (gym, game room, kids’ club and swimming pool), Wi-Fi access and one parking slot TERMS AND CONDITIONS: • Rates are inclusive of applicable taxes. • Rooms are subject to availability. Prior reservation is required. • Standard extra person charges apply. The maximum capacity of each room must be observed. • A guarantee is needed to confirm the reservation, in the form of a credit card, cash payment, or bank deposit. The credit card provided will be used for pre-authorization purposes to guarantee the booking. In case another credit card is used to settle or will opt to pay in cash, reversal of the pre-authorized amount will take place within five to seven banking days. • Booking modifications or cancellations without charges will be permitted up to seven (7) days before the scheduled arrival date. Any changes to the reservation are subject to availability and rate differences. Failure to arrive or provide a late cancellation notice will result in a penalty fee equal to the cost of one (1) room night. Children Policy: • Children 12 years and below can stay and share existing bedding/s in the room. • 0 to 5 years old are entitled to complimentary breakfast; 6 to 12 Years old will be charged 50% off the buffet breakfast rate. Check-in/Check-out Time: • Hotel's standard check-in time is 2 PM and the standard check-out time is 11 AM.

See more

Breakfast Included

₱54,700
Reserve"
68,Presidential Villa,630.0,208300,Only 1 left,3,2026-10-12,2026-10-13,Weekday,1,1,2,0,PHP,Total for one night,Taxes included,https://www.simplebooking.it/ibe2/hotel/6757?lang=EN&cur=PHP&guests=A%2CA&in=2026-10-12&out=2026-10-13,2026-09-02T18:43:37,Selenium browser extraction,Presidential Preferred,208300,True,Nonrefundable,Displayed as 630 sqm; room description states 630.2 sqm,0,False,Full prepayment required,Full prepayment forfeited,2:00 PM,11:00 AM,Children 12 years and below may share existing bedding. Children 0 to 5 receive complimentary breakfast. Children 6 to 12 receive 50 percent off the buffet breakfast rate.,,"Presidential Preferred

INCLUSIONS: • Breakfast for 6 adults and 6 children (5 years old and below) • Choice of Filipino or Continental breakfast, served in the Villa or buffet at Veranda • Fully stocked minibar featuring a curated selection of alcoholic and non-alcoholic beverages, along with assorted refreshments • Welcome drinks • Welcome amenities • Turndown amenities •24-hour Butler service TERMS AND CONDITIONS: • Rates are inclusive of applicable taxes. • Rooms are subject to availability. Prior reservation is required. • Extra person charge is inclusive of buffet breakfast. • Booking confirmation must be presented to avail of the Kultura discount. The discount applies only to regular-priced items. It is valid only during the exact duration of the stay at Taal Vista Hotel. Not applicable to online transactions or department stores. Standard exclusions apply: food, beverages, cigars, Angeli Glass, and personal care products. • A guarantee is required to confirm the reservation and can be provided in the form of a credit card details, cash payment, or bank deposit. • Reservation requires full pre-payment to confirm. Payment is non-refundable and modification or cancellation to the reservation is not allowed. 100% pre-payment will be forfeited if you do not arrive within 24 hours of the check-in date and time of the hotel (or no show). • Standard extra person charges apply. The maximum capacity of each must be observed. Children Policy: • Children 12 years and below can stay and share existing bedding/s in the room. • 0 to 5 years old are entitled to complimentary breakfast; 6 to 12 Years old will be charged 50% off the buffet breakfast rate. Check-in/Check-out Time: • Hotel's standard check-in time is 2 PM and the standard check-out time is 11 AM.

See more
Not refundable

Breakfast Included

₱208,300
Reserve"
69,Superior King,29.0,9825,,4,2026-10-17,2026-10-18,Weekend,1,1,2,0,PHP,Total for one night,Taxes included,https://www.simplebooking.it/ibe2/hotel/6757?lang=EN&cur=PHP&guests=A%2CA&in=2026-10-17&out=2026-10-18,2026-09-03T09:41:15,Selenium browser extraction,"Plan Ahead, Pay Less",13100,True,Nonrefundable,,0,False,Full prepayment required,Full prepayment forfeited,2:00 PM,11:00 AM,Children 12 years and below may share existing bedding. Children 0 to 5 receive complimentary breakfast. Children 6 to 12 receive 50 percent off the buffet breakfast rate.,,"Plan Ahead, Pay Less

Plan your Tagaytay escape ahead and enjoy up to 30% off the best available rates when you book at least 30 days in advance. INCLUSIONS: Superior to one-bedroom suites: • Overnight stay for two adults and two children aged 12 years and below. • Buffet breakfast for two adults and two children aged 5 years and below. • Access to hotel facilities, including the gym, game room, kids' club, swimming pool, Wi-Fi, and one parking slot. Two-bedroom suites: • Overnight stay for four adults and two children aged 12 years and below. • Buffet breakfast for four adults and two children aged 5 years and below. • Use of hotel facilities (gym, game room, kids’ club and swimming pool), Wi-Fi access and one parking slot. TERMS AND CONDITIONS: • Booking period valid from 2 January - 19 November 2026. • Stay period valid until 19 December 2026. • Rooms are subject to availability and prior reservation is required. • Standard extra person charges apply. The maximum capacity of each room must be observed. • Reservation requires full pre-payment to confirm. Payment is non-refundable and modification or cancellation to the reservation is not allowed. 100% pre-payment will be forfeited if you do not arrive within 24 hours of the check-in date and time of the hotel (or no show) • Rates are inclusive of all applicable taxes. • The offer cannot be exchanged for other items or discount and cannot be used in conjunction with other promotional offers by the property. Senior Citizens and PWDs may either avail of this promotion or the standard discount from the regular rate under Republic Act No. 7432 and 7277 under R.A. 9994. Children Policy: • Children 12 years and below can stay and share existing bedding/s in the room. • 0 to 5 years old are entitled to complimentary breakfast; 6 to 12 Years old will be charged 50% off the buffet breakfast rate. Check-in/Check-out Time: • Hotel's standard check-in time is 2 PM and the standard check-out time is 11 AM. DTI Permit No. R4A - Cav 208 series of 2026

See more
Not refundable

Breakfast Included

₱9,825
-25%₱13,100
Reserve"
70,Superior King,29.0,9825,,4,2026-10-17,2026-10-18,Weekend,1,1,2,0,PHP,Total for one night,Taxes included,https://www.simplebooking.it/ibe2/hotel/6757?lang=EN&cur=PHP&guests=A%2CA&in=2026-10-17&out=2026-10-18,2026-09-03T09:41:15,Selenium browser extraction,Best Available Rate,13100,True,Free cancellation or modification until 7 days before arrival,,7,True,"Reservation guarantee required through credit card, cash payment, or bank deposit",One room night,2:00 PM,11:00 AM,Children 12 years and below may share existing bedding. Children 0 to 5 receive complimentary breakfast. Children 6 to 12 receive 50 percent off the buffet breakfast rate.,,"Best Available Rate

INCLUSIONS: Superior to one-bedroom suites: • Overnight stay for two adults and two children aged 12 years and below • Buffet breakfast for two adults and two children aged 5 years and below • Use of hotel facilities (gym, game room, kids’ club and swimming pool), Wi-Fi access and one parking slot Two-bedrooms suites: • Overnight stay for four adults and two children aged 12 years and below • Buffet breakfast for four adults and two children aged 5 years and below • Use of hotel facilities (gym, game room, kids’ club and swimming pool), Wi-Fi access and one parking slot Presidential Villa: • Overnight stay for six adults and six children aged 12 years and below • Buffet breakfast for six adults and six children aged 5 years and below • Use of hotel facilities (gym, game room, kids’ club and swimming pool), Wi-Fi access and one parking slot TERMS AND CONDITIONS: • Rates are inclusive of applicable taxes. • Rooms are subject to availability. Prior reservation is required. • Standard extra person charges apply. The maximum capacity of each room must be observed. • A guarantee is needed to confirm the reservation, in the form of a credit card, cash payment, or bank deposit. The credit card provided will be used for pre-authorization purposes to guarantee the booking. In case another credit card is used to settle or will opt to pay in cash, reversal of the pre-authorized amount will take place within five to seven banking days. • Booking modifications or cancellations without charges will be permitted up to seven (7) days before the scheduled arrival date. Any changes to the reservation are subject to availability and rate differences. Failure to arrive or provide a late cancellation notice will result in a penalty fee equal to the cost of one (1) room night. Children Policy: • Children 12 years and below can stay and share existing bedding/s in the room. • 0 to 5 years old are entitled to complimentary breakfast; 6 to 12 Years old will be charged 50% off the buffet breakfast rate. Check-in/Check-out Time: • Hotel's standard check-in time is 2 PM and the standard check-out time is 11 AM.

See more

Breakfast Included

₱13,100
Reserve"
71,Superior Twin,29.0,9825,,4,2026-10-17,2026-10-18,Weekend,1,1,2,0,PHP,Total for one night,Taxes included,https://www.simplebooking.it/ibe2/hotel/6757?lang=EN&cur=PHP&guests=A%2CA&in=2026-10-17&out=2026-10-18,2026-09-03T09:41:15,Selenium browser extraction,"Plan Ahead, Pay Less",13100,True,Nonrefundable,,0,False,Full prepayment required,Full prepayment forfeited,2:00 PM,11:00 AM,Children 12 years and below may share existing bedding. Children 0 to 5 receive complimentary breakfast. Children 6 to 12 receive 50 percent off the buffet breakfast rate.,,"Plan Ahead, Pay Less

Plan your Tagaytay escape ahead and enjoy up to 30% off the best available rates when you book at least 30 days in advance. INCLUSIONS: Superior to one-bedroom suites: • Overnight stay for two adults and two children aged 12 years and below. • Buffet breakfast for two adults and two children aged 5 years and below. • Access to hotel facilities, including the gym, game room, kids' club, swimming pool, Wi-Fi, and one parking slot. Two-bedroom suites: • Overnight stay for four adults and two children aged 12 years and below. • Buffet breakfast for four adults and two children aged 5 years and below. • Use of hotel facilities (gym, game room, kids’ club and swimming pool), Wi-Fi access and one parking slot. TERMS AND CONDITIONS: • Booking period valid from 2 January - 19 November 2026. • Stay period valid until 19 December 2026. • Rooms are subject to availability and prior reservation is required. • Standard extra person charges apply. The maximum capacity of each room must be observed. • Reservation requires full pre-payment to confirm. Payment is non-refundable and modification or cancellation to the reservation is not allowed. 100% pre-payment will be forfeited if you do not arrive within 24 hours of the check-in date and time of the hotel (or no show) • Rates are inclusive of all applicable taxes. • The offer cannot be exchanged for other items or discount and cannot be used in conjunction with other promotional offers by the property. Senior Citizens and PWDs may either avail of this promotion or the standard discount from the regular rate under Republic Act No. 7432 and 7277 under R.A. 9994. Children Policy: • Children 12 years and below can stay and share existing bedding/s in the room. • 0 to 5 years old are entitled to complimentary breakfast; 6 to 12 Years old will be charged 50% off the buffet breakfast rate. Check-in/Check-out Time: • Hotel's standard check-in time is 2 PM and the standard check-out time is 11 AM. DTI Permit No. R4A - Cav 208 series of 2026

See more
Not refundable

Breakfast Included

₱9,825
-25%₱13,100
Reserve"
72,Superior Twin,29.0,9825,,4,2026-10-17,2026-10-18,Weekend,1,1,2,0,PHP,Total for one night,Taxes included,https://www.simplebooking.it/ibe2/hotel/6757?lang=EN&cur=PHP&guests=A%2CA&in=2026-10-17&out=2026-10-18,2026-09-03T09:41:15,Selenium browser extraction,Best Available Rate,13100,True,Free cancellation or modification until 7 days before arrival,,7,True,"Reservation guarantee required through credit card, cash payment, or bank deposit",One room night,2:00 PM,11:00 AM,Children 12 years and below may share existing bedding. Children 0 to 5 receive complimentary breakfast. Children 6 to 12 receive 50 percent off the buffet breakfast rate.,,"Best Available Rate

INCLUSIONS: Superior to one-bedroom suites: • Overnight stay for two adults and two children aged 12 years and below • Buffet breakfast for two adults and two children aged 5 years and below • Use of hotel facilities (gym, game room, kids’ club and swimming pool), Wi-Fi access and one parking slot Two-bedrooms suites: • Overnight stay for four adults and two children aged 12 years and below • Buffet breakfast for four adults and two children aged 5 years and below • Use of hotel facilities (gym, game room, kids’ club and swimming pool), Wi-Fi access and one parking slot Presidential Villa: • Overnight stay for six adults and six children aged 12 years and below • Buffet breakfast for six adults and six children aged 5 years and below • Use of hotel facilities (gym, game room, kids’ club and swimming pool), Wi-Fi access and one parking slot TERMS AND CONDITIONS: • Rates are inclusive of applicable taxes. • Rooms are subject to availability. Prior reservation is required. • Standard extra person charges apply. The maximum capacity of each room must be observed. • A guarantee is needed to confirm the reservation, in the form of a credit card, cash payment, or bank deposit. The credit card provided will be used for pre-authorization purposes to guarantee the booking. In case another credit card is used to settle or will opt to pay in cash, reversal of the pre-authorized amount will take place within five to seven banking days. • Booking modifications or cancellations without charges will be permitted up to seven (7) days before the scheduled arrival date. Any changes to the reservation are subject to availability and rate differences. Failure to arrive or provide a late cancellation notice will result in a penalty fee equal to the cost of one (1) room night. Children Policy: • Children 12 years and below can stay and share existing bedding/s in the room. • 0 to 5 years old are entitled to complimentary breakfast; 6 to 12 Years old will be charged 50% off the buffet breakfast rate. Check-in/Check-out Time: • Hotel's standard check-in time is 2 PM and the standard check-out time is 11 AM.

See more

Breakfast Included

₱13,100
Reserve"
73,Deluxe King,34.0,11985,,4,2026-10-17,2026-10-18,Weekend,1,1,2,0,PHP,Total for one night,Taxes included,https://www.simplebooking.it/ibe2/hotel/6757?lang=EN&cur=PHP&guests=A%2CA&in=2026-10-17&out=2026-10-18,2026-09-03T09:41:15,Selenium browser extraction,Elevated Escapes,14100,True,Nonrefundable,,0,False,Full prepayment required,Full prepayment forfeited,2:00 PM,11:00 AM,Children 12 years and below may share existing bedding. Children 0 to 5 receive complimentary breakfast. Children 6 to 12 receive 50 percent off the buffet breakfast rate.,,"Elevated Escapes

Where comfort meets calm and every view feels like a pause. Experience the new Lake Wing Rooms. Inclusions: • Overnight stay for two adults and two children aged 12 years and below. • Buffet breakfast for two adults and two children aged 5 years and below. • 15% off on à la carte orders with a minimum single-receipt spend of Php 3,000 at Veranda. • 10% discount on all Kultura Butik and Malls. • Use of hotel facilities (gym, game room, kids’ club and swimming pool), Wi-Fi access and one parking slot. Terms and Conditions: • Booking and stay period is from 16 April - 19 December 2026. • Prior reservation is required. Blackout dates apply, and subject to availability. • Rates are inclusive of all applicable taxes. • Rooms are subject to availability, and prior reservation is required. Blackout dates apply. • Standard extra person charges apply. The maximum capacity of each room must be observed. • Extra person charges apply, and room capacity limits must be observed. • Children’s Meal Policy: Children aged 5 years and below are entitled to a complimentary buffet breakfast. Children aged 6 to 12 years will be charged 50% of the buffet rate. • Booking confirmation must be presented to avail of the Kultura discount. The discount applies only to regular-priced items. It is valid only during the exact duration of the stay at Taal Vista Hotel. Not applicable to online transactions or department stores. Standard exclusions apply: food, beverages, cigars, Angeli Glass, and personal care products • Full pre-payment is required and is non-cancellable and non-refundable upon booking. Modifications or cancellations to the reservation are not allowed. In the case of a no-show, the full pre-payment will be forfeited. • The offer cannot be exchanged for other items or discount and cannot be used in conjunction with other promotional offers by the property. Senior Citizens and PWDs may either avail of this promotion or the standard discount from the regular rate under Republic Act No. 7432 and 7277 under R.A. 9994. Cancellation Policy: Reservation requires full pre-payment to confirm. Payment is non-refundable and modification or cancellation to the reservation is not allowed. 100% pre-payment will be forfeited if you do not arrive within 24 hours of the check-in date and time of the hotel (or no show). Per DTI Fair Trade Permit No. R4A-Cav 205 Series of 2026

See more
Not refundable

Breakfast Included

₱11,985
-15%₱14,100
Reserve"
74,Deluxe King,34.0,11985,,4,2026-10-17,2026-10-18,Weekend,1,1,2,0,PHP,Total for one night,Taxes included,https://www.simplebooking.it/ibe2/hotel/6757?lang=EN&cur=PHP&guests=A%2CA&in=2026-10-17&out=2026-10-18,2026-09-03T09:41:15,Selenium browser extraction,Best Available Rate,14100,True,Free cancellation or modification until 7 days before arrival,,7,True,"Reservation guarantee required through credit card, cash payment, or bank deposit",One room night,2:00 PM,11:00 AM,Children 12 years and below may share existing bedding. Children 0 to 5 receive complimentary breakfast. Children 6 to 12 receive 50 percent off the buffet breakfast rate.,,"Best Available Rate

INCLUSIONS: Superior to one-bedroom suites: • Overnight stay for two adults and two children aged 12 years and below • Buffet breakfast for two adults and two children aged 5 years and below • Use of hotel facilities (gym, game room, kids’ club and swimming pool), Wi-Fi access and one parking slot Two-bedrooms suites: • Overnight stay for four adults and two children aged 12 years and below • Buffet breakfast for four adults and two children aged 5 years and below • Use of hotel facilities (gym, game room, kids’ club and swimming pool), Wi-Fi access and one parking slot Presidential Villa: • Overnight stay for six adults and six children aged 12 years and below • Buffet breakfast for six adults and six children aged 5 years and below • Use of hotel facilities (gym, game room, kids’ club and swimming pool), Wi-Fi access and one parking slot TERMS AND CONDITIONS: • Rates are inclusive of applicable taxes. • Rooms are subject to availability. Prior reservation is required. • Standard extra person charges apply. The maximum capacity of each room must be observed. • A guarantee is needed to confirm the reservation, in the form of a credit card, cash payment, or bank deposit. The credit card provided will be used for pre-authorization purposes to guarantee the booking. In case another credit card is used to settle or will opt to pay in cash, reversal of the pre-authorized amount will take place within five to seven banking days. • Booking modifications or cancellations without charges will be permitted up to seven (7) days before the scheduled arrival date. Any changes to the reservation are subject to availability and rate differences. Failure to arrive or provide a late cancellation notice will result in a penalty fee equal to the cost of one (1) room night. Children Policy: • Children 12 years and below can stay and share existing bedding/s in the room. • 0 to 5 years old are entitled to complimentary breakfast; 6 to 12 Years old will be charged 50% off the buffet breakfast rate. Check-in/Check-out Time: • Hotel's standard check-in time is 2 PM and the standard check-out time is 11 AM.

See more

Breakfast Included

₱14,100
Reserve"
75,Deluxe Queen,34.0,11985,,4,2026-10-17,2026-10-18,Weekend,1,1,2,0,PHP,Total for one night,Taxes included,https://www.simplebooking.it/ibe2/hotel/6757?lang=EN&cur=PHP&guests=A%2CA&in=2026-10-17&out=2026-10-18,2026-09-03T09:41:15,Selenium browser extraction,Elevated Escapes,14100,True,Nonrefundable,,0,False,Full prepayment required,Full prepayment forfeited,2:00 PM,11:00 AM,Children 12 years and below may share existing bedding. Children 0 to 5 receive complimentary breakfast. Children 6 to 12 receive 50 percent off the buffet breakfast rate.,,"Elevated Escapes

Where comfort meets calm and every view feels like a pause. Experience the new Lake Wing Rooms. Inclusions: • Overnight stay for two adults and two children aged 12 years and below. • Buffet breakfast for two adults and two children aged 5 years and below. • 15% off on à la carte orders with a minimum single-receipt spend of Php 3,000 at Veranda. • 10% discount on all Kultura Butik and Malls. • Use of hotel facilities (gym, game room, kids’ club and swimming pool), Wi-Fi access and one parking slot. Terms and Conditions: • Booking and stay period is from 16 April - 19 December 2026. • Prior reservation is required. Blackout dates apply, and subject to availability. • Rates are inclusive of all applicable taxes. • Rooms are subject to availability, and prior reservation is required. Blackout dates apply. • Standard extra person charges apply. The maximum capacity of each room must be observed. • Extra person charges apply, and room capacity limits must be observed. • Children’s Meal Policy: Children aged 5 years and below are entitled to a complimentary buffet breakfast. Children aged 6 to 12 years will be charged 50% of the buffet rate. • Booking confirmation must be presented to avail of the Kultura discount. The discount applies only to regular-priced items. It is valid only during the exact duration of the stay at Taal Vista Hotel. Not applicable to online transactions or department stores. Standard exclusions apply: food, beverages, cigars, Angeli Glass, and personal care products • Full pre-payment is required and is non-cancellable and non-refundable upon booking. Modifications or cancellations to the reservation are not allowed. In the case of a no-show, the full pre-payment will be forfeited. • The offer cannot be exchanged for other items or discount and cannot be used in conjunction with other promotional offers by the property. Senior Citizens and PWDs may either avail of this promotion or the standard discount from the regular rate under Republic Act No. 7432 and 7277 under R.A. 9994. Cancellation Policy: Reservation requires full pre-payment to confirm. Payment is non-refundable and modification or cancellation to the reservation is not allowed. 100% pre-payment will be forfeited if you do not arrive within 24 hours of the check-in date and time of the hotel (or no show). Per DTI Fair Trade Permit No. R4A-Cav 205 Series of 2026

See more
Not refundable

Breakfast Included

₱11,985
-15%₱14,100
Reserve"
76,Deluxe Queen,34.0,11985,,4,2026-10-17,2026-10-18,Weekend,1,1,2,0,PHP,Total for one night,Taxes included,https://www.simplebooking.it/ibe2/hotel/6757?lang=EN&cur=PHP&guests=A%2CA&in=2026-10-17&out=2026-10-18,2026-09-03T09:41:15,Selenium browser extraction,Best Available Rate,14100,True,Free cancellation or modification until 7 days before arrival,,7,True,"Reservation guarantee required through credit card, cash payment, or bank deposit",One room night,2:00 PM,11:00 AM,Children 12 years and below may share existing bedding. Children 0 to 5 receive complimentary breakfast. Children 6 to 12 receive 50 percent off the buffet breakfast rate.,,"Best Available Rate

INCLUSIONS: Superior to one-bedroom suites: • Overnight stay for two adults and two children aged 12 years and below • Buffet breakfast for two adults and two children aged 5 years and below • Use of hotel facilities (gym, game room, kids’ club and swimming pool), Wi-Fi access and one parking slot Two-bedrooms suites: • Overnight stay for four adults and two children aged 12 years and below • Buffet breakfast for four adults and two children aged 5 years and below • Use of hotel facilities (gym, game room, kids’ club and swimming pool), Wi-Fi access and one parking slot Presidential Villa: • Overnight stay for six adults and six children aged 12 years and below • Buffet breakfast for six adults and six children aged 5 years and below • Use of hotel facilities (gym, game room, kids’ club and swimming pool), Wi-Fi access and one parking slot TERMS AND CONDITIONS: • Rates are inclusive of applicable taxes. • Rooms are subject to availability. Prior reservation is required. • Standard extra person charges apply. The maximum capacity of each room must be observed. • A guarantee is needed to confirm the reservation, in the form of a credit card, cash payment, or bank deposit. The credit card provided will be used for pre-authorization purposes to guarantee the booking. In case another credit card is used to settle or will opt to pay in cash, reversal of the pre-authorized amount will take place within five to seven banking days. • Booking modifications or cancellations without charges will be permitted up to seven (7) days before the scheduled arrival date. Any changes to the reservation are subject to availability and rate differences. Failure to arrive or provide a late cancellation notice will result in a penalty fee equal to the cost of one (1) room night. Children Policy: • Children 12 years and below can stay and share existing bedding/s in the room. • 0 to 5 years old are entitled to complimentary breakfast; 6 to 12 Years old will be charged 50% off the buffet breakfast rate. Check-in/Check-out Time: • Hotel's standard check-in time is 2 PM and the standard check-out time is 11 AM.

See more

Breakfast Included

₱14,100
Reserve"
77,Deluxe Twin,34.0,11985,,4,2026-10-17,2026-10-18,Weekend,1,1,2,0,PHP,Total for one night,Taxes included,https://www.simplebooking.it/ibe2/hotel/6757?lang=EN&cur=PHP&guests=A%2CA&in=2026-10-17&out=2026-10-18,2026-09-03T09:41:15,Selenium browser extraction,Elevated Escapes,14100,True,Nonrefundable,,0,False,Full prepayment required,Full prepayment forfeited,2:00 PM,11:00 AM,Children 12 years and below may share existing bedding. Children 0 to 5 receive complimentary breakfast. Children 6 to 12 receive 50 percent off the buffet breakfast rate.,,"Elevated Escapes

Where comfort meets calm and every view feels like a pause. Experience the new Lake Wing Rooms. Inclusions: • Overnight stay for two adults and two children aged 12 years and below. • Buffet breakfast for two adults and two children aged 5 years and below. • 15% off on à la carte orders with a minimum single-receipt spend of Php 3,000 at Veranda. • 10% discount on all Kultura Butik and Malls. • Use of hotel facilities (gym, game room, kids’ club and swimming pool), Wi-Fi access and one parking slot. Terms and Conditions: • Booking and stay period is from 16 April - 19 December 2026. • Prior reservation is required. Blackout dates apply, and subject to availability. • Rates are inclusive of all applicable taxes. • Rooms are subject to availability, and prior reservation is required. Blackout dates apply. • Standard extra person charges apply. The maximum capacity of each room must be observed. • Extra person charges apply, and room capacity limits must be observed. • Children’s Meal Policy: Children aged 5 years and below are entitled to a complimentary buffet breakfast. Children aged 6 to 12 years will be charged 50% of the buffet rate. • Booking confirmation must be presented to avail of the Kultura discount. The discount applies only to regular-priced items. It is valid only during the exact duration of the stay at Taal Vista Hotel. Not applicable to online transactions or department stores. Standard exclusions apply: food, beverages, cigars, Angeli Glass, and personal care products • Full pre-payment is required and is non-cancellable and non-refundable upon booking. Modifications or cancellations to the reservation are not allowed. In the case of a no-show, the full pre-payment will be forfeited. • The offer cannot be exchanged for other items or discount and cannot be used in conjunction with other promotional offers by the property. Senior Citizens and PWDs may either avail of this promotion or the standard discount from the regular rate under Republic Act No. 7432 and 7277 under R.A. 9994. Cancellation Policy: Reservation requires full pre-payment to confirm. Payment is non-refundable and modification or cancellation to the reservation is not allowed. 100% pre-payment will be forfeited if you do not arrive within 24 hours of the check-in date and time of the hotel (or no show). Per DTI Fair Trade Permit No. R4A-Cav 205 Series of 2026

See more
Not refundable

Breakfast Included

₱11,985
-15%₱14,100
Reserve"
78,Deluxe Twin,34.0,11985,,4,2026-10-17,2026-10-18,Weekend,1,1,2,0,PHP,Total for one night,Taxes included,https://www.simplebooking.it/ibe2/hotel/6757?lang=EN&cur=PHP&guests=A%2CA&in=2026-10-17&out=2026-10-18,2026-09-03T09:41:15,Selenium browser extraction,Best Available Rate,14100,True,Free cancellation or modification until 7 days before arrival,,7,True,"Reservation guarantee required through credit card, cash payment, or bank deposit",One room night,2:00 PM,11:00 AM,Children 12 years and below may share existing bedding. Children 0 to 5 receive complimentary breakfast. Children 6 to 12 receive 50 percent off the buffet breakfast rate.,,"Best Available Rate

INCLUSIONS: Superior to one-bedroom suites: • Overnight stay for two adults and two children aged 12 years and below • Buffet breakfast for two adults and two children aged 5 years and below • Use of hotel facilities (gym, game room, kids’ club and swimming pool), Wi-Fi access and one parking slot Two-bedrooms suites: • Overnight stay for four adults and two children aged 12 years and below • Buffet breakfast for four adults and two children aged 5 years and below • Use of hotel facilities (gym, game room, kids’ club and swimming pool), Wi-Fi access and one parking slot Presidential Villa: • Overnight stay for six adults and six children aged 12 years and below • Buffet breakfast for six adults and six children aged 5 years and below • Use of hotel facilities (gym, game room, kids’ club and swimming pool), Wi-Fi access and one parking slot TERMS AND CONDITIONS: • Rates are inclusive of applicable taxes. • Rooms are subject to availability. Prior reservation is required. • Standard extra person charges apply. The maximum capacity of each room must be observed. • A guarantee is needed to confirm the reservation, in the form of a credit card, cash payment, or bank deposit. The credit card provided will be used for pre-authorization purposes to guarantee the booking. In case another credit card is used to settle or will opt to pay in cash, reversal of the pre-authorized amount will take place within five to seven banking days. • Booking modifications or cancellations without charges will be permitted up to seven (7) days before the scheduled arrival date. Any changes to the reservation are subject to availability and rate differences. Failure to arrive or provide a late cancellation notice will result in a penalty fee equal to the cost of one (1) room night. Children Policy: • Children 12 years and below can stay and share existing bedding/s in the room. • 0 to 5 years old are entitled to complimentary breakfast; 6 to 12 Years old will be charged 50% off the buffet breakfast rate. Check-in/Check-out Time: • Hotel's standard check-in time is 2 PM and the standard check-out time is 11 AM.

See more

Breakfast Included

₱14,100
Reserve"
79,Deluxe Mountain,29.0,9825,,4,2026-10-17,2026-10-18,Weekend,1,1,2,0,PHP,Total for one night,Taxes included,https://www.simplebooking.it/ibe2/hotel/6757?lang=EN&cur=PHP&guests=A%2CA&in=2026-10-17&out=2026-10-18,2026-09-03T09:41:15,Selenium browser extraction,"Plan Ahead, Pay Less",13100,True,Nonrefundable,,0,False,Full prepayment required,Full prepayment forfeited,2:00 PM,11:00 AM,Children 12 years and below may share existing bedding. Children 0 to 5 receive complimentary breakfast. Children 6 to 12 receive 50 percent off the buffet breakfast rate.,,"Plan Ahead, Pay Less

Plan your Tagaytay escape ahead and enjoy up to 30% off the best available rates when you book at least 30 days in advance. INCLUSIONS: Superior to one-bedroom suites: • Overnight stay for two adults and two children aged 12 years and below. • Buffet breakfast for two adults and two children aged 5 years and below. • Access to hotel facilities, including the gym, game room, kids' club, swimming pool, Wi-Fi, and one parking slot. Two-bedroom suites: • Overnight stay for four adults and two children aged 12 years and below. • Buffet breakfast for four adults and two children aged 5 years and below. • Use of hotel facilities (gym, game room, kids’ club and swimming pool), Wi-Fi access and one parking slot. TERMS AND CONDITIONS: • Booking period valid from 2 January - 19 November 2026. • Stay period valid until 19 December 2026. • Rooms are subject to availability and prior reservation is required. • Standard extra person charges apply. The maximum capacity of each room must be observed. • Reservation requires full pre-payment to confirm. Payment is non-refundable and modification or cancellation to the reservation is not allowed. 100% pre-payment will be forfeited if you do not arrive within 24 hours of the check-in date and time of the hotel (or no show) • Rates are inclusive of all applicable taxes. • The offer cannot be exchanged for other items or discount and cannot be used in conjunction with other promotional offers by the property. Senior Citizens and PWDs may either avail of this promotion or the standard discount from the regular rate under Republic Act No. 7432 and 7277 under R.A. 9994. Children Policy: • Children 12 years and below can stay and share existing bedding/s in the room. • 0 to 5 years old are entitled to complimentary breakfast; 6 to 12 Years old will be charged 50% off the buffet breakfast rate. Check-in/Check-out Time: • Hotel's standard check-in time is 2 PM and the standard check-out time is 11 AM. DTI Permit No. R4A - Cav 208 series of 2026

See more
Not refundable

Breakfast Included

₱9,825
-25%₱13,100
Reserve"
80,Deluxe Mountain,29.0,9825,,4,2026-10-17,2026-10-18,Weekend,1,1,2,0,PHP,Total for one night,Taxes included,https://www.simplebooking.it/ibe2/hotel/6757?lang=EN&cur=PHP&guests=A%2CA&in=2026-10-17&out=2026-10-18,2026-09-03T09:41:15,Selenium browser extraction,Best Available Rate,13100,True,Free cancellation or modification until 7 days before arrival,,7,True,"Reservation guarantee required through credit card, cash payment, or bank deposit",One room night,2:00 PM,11:00 AM,Children 12 years and below may share existing bedding. Children 0 to 5 receive complimentary breakfast. Children 6 to 12 receive 50 percent off the buffet breakfast rate.,,"Best Available Rate

INCLUSIONS: Superior to one-bedroom suites: • Overnight stay for two adults and two children aged 12 years and below • Buffet breakfast for two adults and two children aged 5 years and below • Use of hotel facilities (gym, game room, kids’ club and swimming pool), Wi-Fi access and one parking slot Two-bedrooms suites: • Overnight stay for four adults and two children aged 12 years and below • Buffet breakfast for four adults and two children aged 5 years and below • Use of hotel facilities (gym, game room, kids’ club and swimming pool), Wi-Fi access and one parking slot Presidential Villa: • Overnight stay for six adults and six children aged 12 years and below • Buffet breakfast for six adults and six children aged 5 years and below • Use of hotel facilities (gym, game room, kids’ club and swimming pool), Wi-Fi access and one parking slot TERMS AND CONDITIONS: • Rates are inclusive of applicable taxes. • Rooms are subject to availability. Prior reservation is required. • Standard extra person charges apply. The maximum capacity of each room must be observed. • A guarantee is needed to confirm the reservation, in the form of a credit card, cash payment, or bank deposit. The credit card provided will be used for pre-authorization purposes to guarantee the booking. In case another credit card is used to settle or will opt to pay in cash, reversal of the pre-authorized amount will take place within five to seven banking days. • Booking modifications or cancellations without charges will be permitted up to seven (7) days before the scheduled arrival date. Any changes to the reservation are subject to availability and rate differences. Failure to arrive or provide a late cancellation notice will result in a penalty fee equal to the cost of one (1) room night. Children Policy: • Children 12 years and below can stay and share existing bedding/s in the room. • 0 to 5 years old are entitled to complimentary breakfast; 6 to 12 Years old will be charged 50% off the buffet breakfast rate. Check-in/Check-out Time: • Hotel's standard check-in time is 2 PM and the standard check-out time is 11 AM.

See more

Breakfast Included

₱13,100
Reserve"
81,Ridge,37.0,14025,,4,2026-10-17,2026-10-18,Weekend,1,1,2,0,PHP,Total for one night,Taxes included,https://www.simplebooking.it/ibe2/hotel/6757?lang=EN&cur=PHP&guests=A%2CA&in=2026-10-17&out=2026-10-18,2026-09-03T09:41:15,Selenium browser extraction,"Plan Ahead, Pay Less",18700,True,Nonrefundable,,0,False,Full prepayment required,Full prepayment forfeited,2:00 PM,11:00 AM,Children 12 years and below may share existing bedding. Children 0 to 5 receive complimentary breakfast. Children 6 to 12 receive 50 percent off the buffet breakfast rate.,,"Plan Ahead, Pay Less

Plan your Tagaytay escape ahead and enjoy up to 30% off the best available rates when you book at least 30 days in advance. INCLUSIONS: Superior to one-bedroom suites: • Overnight stay for two adults and two children aged 12 years and below. • Buffet breakfast for two adults and two children aged 5 years and below. • Access to hotel facilities, including the gym, game room, kids' club, swimming pool, Wi-Fi, and one parking slot. Two-bedroom suites: • Overnight stay for four adults and two children aged 12 years and below. • Buffet breakfast for four adults and two children aged 5 years and below. • Use of hotel facilities (gym, game room, kids’ club and swimming pool), Wi-Fi access and one parking slot. TERMS AND CONDITIONS: • Booking period valid from 2 January - 19 November 2026. • Stay period valid until 19 December 2026. • Rooms are subject to availability and prior reservation is required. • Standard extra person charges apply. The maximum capacity of each room must be observed. • Reservation requires full pre-payment to confirm. Payment is non-refundable and modification or cancellation to the reservation is not allowed. 100% pre-payment will be forfeited if you do not arrive within 24 hours of the check-in date and time of the hotel (or no show) • Rates are inclusive of all applicable taxes. • The offer cannot be exchanged for other items or discount and cannot be used in conjunction with other promotional offers by the property. Senior Citizens and PWDs may either avail of this promotion or the standard discount from the regular rate under Republic Act No. 7432 and 7277 under R.A. 9994. Children Policy: • Children 12 years and below can stay and share existing bedding/s in the room. • 0 to 5 years old are entitled to complimentary breakfast; 6 to 12 Years old will be charged 50% off the buffet breakfast rate. Check-in/Check-out Time: • Hotel's standard check-in time is 2 PM and the standard check-out time is 11 AM. DTI Permit No. R4A - Cav 208 series of 2026

See more
Not refundable

Breakfast Included

₱14,025
-25%₱18,700
Reserve"
82,Ridge,37.0,14025,,4,2026-10-17,2026-10-18,Weekend,1,1,2,0,PHP,Total for one night,Taxes included,https://www.simplebooking.it/ibe2/hotel/6757?lang=EN&cur=PHP&guests=A%2CA&in=2026-10-17&out=2026-10-18,2026-09-03T09:41:15,Selenium browser extraction,Best Available Rate,18700,True,Free cancellation or modification until 7 days before arrival,,7,True,"Reservation guarantee required through credit card, cash payment, or bank deposit",One room night,2:00 PM,11:00 AM,Children 12 years and below may share existing bedding. Children 0 to 5 receive complimentary breakfast. Children 6 to 12 receive 50 percent off the buffet breakfast rate.,,"Best Available Rate

INCLUSIONS: Superior to one-bedroom suites: • Overnight stay for two adults and two children aged 12 years and below • Buffet breakfast for two adults and two children aged 5 years and below • Use of hotel facilities (gym, game room, kids’ club and swimming pool), Wi-Fi access and one parking slot Two-bedrooms suites: • Overnight stay for four adults and two children aged 12 years and below • Buffet breakfast for four adults and two children aged 5 years and below • Use of hotel facilities (gym, game room, kids’ club and swimming pool), Wi-Fi access and one parking slot Presidential Villa: • Overnight stay for six adults and six children aged 12 years and below • Buffet breakfast for six adults and six children aged 5 years and below • Use of hotel facilities (gym, game room, kids’ club and swimming pool), Wi-Fi access and one parking slot TERMS AND CONDITIONS: • Rates are inclusive of applicable taxes. • Rooms are subject to availability. Prior reservation is required. • Standard extra person charges apply. The maximum capacity of each room must be observed. • A guarantee is needed to confirm the reservation, in the form of a credit card, cash payment, or bank deposit. The credit card provided will be used for pre-authorization purposes to guarantee the booking. In case another credit card is used to settle or will opt to pay in cash, reversal of the pre-authorized amount will take place within five to seven banking days. • Booking modifications or cancellations without charges will be permitted up to seven (7) days before the scheduled arrival date. Any changes to the reservation are subject to availability and rate differences. Failure to arrive or provide a late cancellation notice will result in a penalty fee equal to the cost of one (1) room night. Children Policy: • Children 12 years and below can stay and share existing bedding/s in the room. • 0 to 5 years old are entitled to complimentary breakfast; 6 to 12 Years old will be charged 50% off the buffet breakfast rate. Check-in/Check-out Time: • Hotel's standard check-in time is 2 PM and the standard check-out time is 11 AM.

See more

Breakfast Included

₱18,700
Reserve"
83,Premier Queen,38.0,17935,,4,2026-10-17,2026-10-18,Weekend,1,1,2,0,PHP,Total for one night,Taxes included,https://www.simplebooking.it/ibe2/hotel/6757?lang=EN&cur=PHP&guests=A%2CA&in=2026-10-17&out=2026-10-18,2026-09-03T09:41:15,Selenium browser extraction,Elevated Escapes,21100,True,Nonrefundable,,0,False,Full prepayment required,Full prepayment forfeited,2:00 PM,11:00 AM,Children 12 years and below may share existing bedding. Children 0 to 5 receive complimentary breakfast. Children 6 to 12 receive 50 percent off the buffet breakfast rate.,,"Elevated Escapes

Where comfort meets calm and every view feels like a pause. Experience the new Lake Wing Rooms. Inclusions: • Overnight stay for two adults and two children aged 12 years and below. • Buffet breakfast for two adults and two children aged 5 years and below. • 15% off on à la carte orders with a minimum single-receipt spend of Php 3,000 at Veranda. • 10% discount on all Kultura Butik and Malls. • Use of hotel facilities (gym, game room, kids’ club and swimming pool), Wi-Fi access and one parking slot. Terms and Conditions: • Booking and stay period is from 16 April - 19 December 2026. • Prior reservation is required. Blackout dates apply, and subject to availability. • Rates are inclusive of all applicable taxes. • Rooms are subject to availability, and prior reservation is required. Blackout dates apply. • Standard extra person charges apply. The maximum capacity of each room must be observed. • Extra person charges apply, and room capacity limits must be observed. • Children’s Meal Policy: Children aged 5 years and below are entitled to a complimentary buffet breakfast. Children aged 6 to 12 years will be charged 50% of the buffet rate. • Booking confirmation must be presented to avail of the Kultura discount. The discount applies only to regular-priced items. It is valid only during the exact duration of the stay at Taal Vista Hotel. Not applicable to online transactions or department stores. Standard exclusions apply: food, beverages, cigars, Angeli Glass, and personal care products • Full pre-payment is required and is non-cancellable and non-refundable upon booking. Modifications or cancellations to the reservation are not allowed. In the case of a no-show, the full pre-payment will be forfeited. • The offer cannot be exchanged for other items or discount and cannot be used in conjunction with other promotional offers by the property. Senior Citizens and PWDs may either avail of this promotion or the standard discount from the regular rate under Republic Act No. 7432 and 7277 under R.A. 9994. Cancellation Policy: Reservation requires full pre-payment to confirm. Payment is non-refundable and modification or cancellation to the reservation is not allowed. 100% pre-payment will be forfeited if you do not arrive within 24 hours of the check-in date and time of the hotel (or no show). Per DTI Fair Trade Permit No. R4A-Cav 205 Series of 2026

See more
Not refundable

Breakfast Included

₱17,935
-15%₱21,100
Reserve"
84,Premier Queen,38.0,17935,,4,2026-10-17,2026-10-18,Weekend,1,1,2,0,PHP,Total for one night,Taxes included,https://www.simplebooking.it/ibe2/hotel/6757?lang=EN&cur=PHP&guests=A%2CA&in=2026-10-17&out=2026-10-18,2026-09-03T09:41:15,Selenium browser extraction,Best Available Rate,21100,True,Free cancellation or modification until 7 days before arrival,,7,True,"Reservation guarantee required through credit card, cash payment, or bank deposit",One room night,2:00 PM,11:00 AM,Children 12 years and below may share existing bedding. Children 0 to 5 receive complimentary breakfast. Children 6 to 12 receive 50 percent off the buffet breakfast rate.,,"Best Available Rate

INCLUSIONS: Superior to one-bedroom suites: • Overnight stay for two adults and two children aged 12 years and below • Buffet breakfast for two adults and two children aged 5 years and below • Use of hotel facilities (gym, game room, kids’ club and swimming pool), Wi-Fi access and one parking slot Two-bedrooms suites: • Overnight stay for four adults and two children aged 12 years and below • Buffet breakfast for four adults and two children aged 5 years and below • Use of hotel facilities (gym, game room, kids’ club and swimming pool), Wi-Fi access and one parking slot Presidential Villa: • Overnight stay for six adults and six children aged 12 years and below • Buffet breakfast for six adults and six children aged 5 years and below • Use of hotel facilities (gym, game room, kids’ club and swimming pool), Wi-Fi access and one parking slot TERMS AND CONDITIONS: • Rates are inclusive of applicable taxes. • Rooms are subject to availability. Prior reservation is required. • Standard extra person charges apply. The maximum capacity of each room must be observed. • A guarantee is needed to confirm the reservation, in the form of a credit card, cash payment, or bank deposit. The credit card provided will be used for pre-authorization purposes to guarantee the booking. In case another credit card is used to settle or will opt to pay in cash, reversal of the pre-authorized amount will take place within five to seven banking days. • Booking modifications or cancellations without charges will be permitted up to seven (7) days before the scheduled arrival date. Any changes to the reservation are subject to availability and rate differences. Failure to arrive or provide a late cancellation notice will result in a penalty fee equal to the cost of one (1) room night. Children Policy: • Children 12 years and below can stay and share existing bedding/s in the room. • 0 to 5 years old are entitled to complimentary breakfast; 6 to 12 Years old will be charged 50% off the buffet breakfast rate. Check-in/Check-out Time: • Hotel's standard check-in time is 2 PM and the standard check-out time is 11 AM.

See more

Breakfast Included

₱21,100
Reserve"
85,Deluxe Suite One Bedroom,62.0,24300,Only 3 left,4,2026-10-17,2026-10-18,Weekend,1,1,2,0,PHP,Total for one night,Taxes included,https://www.simplebooking.it/ibe2/hotel/6757?lang=EN&cur=PHP&guests=A%2CA&in=2026-10-17&out=2026-10-18,2026-09-03T09:41:15,Selenium browser extraction,Best Available Rate,24300,True,Free cancellation or modification until 7 days before arrival,,7,True,"Reservation guarantee required through credit card, cash payment, or bank deposit",One room night,2:00 PM,11:00 AM,Children 12 years and below may share existing bedding. Children 0 to 5 receive complimentary breakfast. Children 6 to 12 receive 50 percent off the buffet breakfast rate.,,"Best Available Rate

INCLUSIONS: Superior to one-bedroom suites: • Overnight stay for two adults and two children aged 12 years and below • Buffet breakfast for two adults and two children aged 5 years and below • Use of hotel facilities (gym, game room, kids’ club and swimming pool), Wi-Fi access and one parking slot Two-bedrooms suites: • Overnight stay for four adults and two children aged 12 years and below • Buffet breakfast for four adults and two children aged 5 years and below • Use of hotel facilities (gym, game room, kids’ club and swimming pool), Wi-Fi access and one parking slot Presidential Villa: • Overnight stay for six adults and six children aged 12 years and below • Buffet breakfast for six adults and six children aged 5 years and below • Use of hotel facilities (gym, game room, kids’ club and swimming pool), Wi-Fi access and one parking slot TERMS AND CONDITIONS: • Rates are inclusive of applicable taxes. • Rooms are subject to availability. Prior reservation is required. • Standard extra person charges apply. The maximum capacity of each room must be observed. • A guarantee is needed to confirm the reservation, in the form of a credit card, cash payment, or bank deposit. The credit card provided will be used for pre-authorization purposes to guarantee the booking. In case another credit card is used to settle or will opt to pay in cash, reversal of the pre-authorized amount will take place within five to seven banking days. • Booking modifications or cancellations without charges will be permitted up to seven (7) days before the scheduled arrival date. Any changes to the reservation are subject to availability and rate differences. Failure to arrive or provide a late cancellation notice will result in a penalty fee equal to the cost of one (1) room night. Children Policy: • Children 12 years and below can stay and share existing bedding/s in the room. • 0 to 5 years old are entitled to complimentary breakfast; 6 to 12 Years old will be charged 50% off the buffet breakfast rate. Check-in/Check-out Time: • Hotel's standard check-in time is 2 PM and the standard check-out time is 11 AM.

See more

Breakfast Included

₱24,300
Reserve"
86,Deluxe Suite Mountain (2 Bedroom),92.0,33900,Only 3 left,4,2026-10-17,2026-10-18,Weekend,1,1,2,0,PHP,Total for one night,Taxes included,https://www.simplebooking.it/ibe2/hotel/6757?lang=EN&cur=PHP&guests=A%2CA&in=2026-10-17&out=2026-10-18,2026-09-03T09:41:15,Selenium browser extraction,Best Available Rate,33900,True,Free cancellation or modification until 7 days before arrival,,7,True,"Reservation guarantee required through credit card, cash payment, or bank deposit",One room night,2:00 PM,11:00 AM,Children 12 years and below may share existing bedding. Children 0 to 5 receive complimentary breakfast. Children 6 to 12 receive 50 percent off the buffet breakfast rate.,,"Best Available Rate

INCLUSIONS: Superior to one-bedroom suites: • Overnight stay for two adults and two children aged 12 years and below • Buffet breakfast for two adults and two children aged 5 years and below • Use of hotel facilities (gym, game room, kids’ club and swimming pool), Wi-Fi access and one parking slot Two-bedrooms suites: • Overnight stay for four adults and two children aged 12 years and below • Buffet breakfast for four adults and two children aged 5 years and below • Use of hotel facilities (gym, game room, kids’ club and swimming pool), Wi-Fi access and one parking slot Presidential Villa: • Overnight stay for six adults and six children aged 12 years and below • Buffet breakfast for six adults and six children aged 5 years and below • Use of hotel facilities (gym, game room, kids’ club and swimming pool), Wi-Fi access and one parking slot TERMS AND CONDITIONS: • Rates are inclusive of applicable taxes. • Rooms are subject to availability. Prior reservation is required. • Standard extra person charges apply. The maximum capacity of each room must be observed. • A guarantee is needed to confirm the reservation, in the form of a credit card, cash payment, or bank deposit. The credit card provided will be used for pre-authorization purposes to guarantee the booking. In case another credit card is used to settle or will opt to pay in cash, reversal of the pre-authorized amount will take place within five to seven banking days. • Booking modifications or cancellations without charges will be permitted up to seven (7) days before the scheduled arrival date. Any changes to the reservation are subject to availability and rate differences. Failure to arrive or provide a late cancellation notice will result in a penalty fee equal to the cost of one (1) room night. Children Policy: • Children 12 years and below can stay and share existing bedding/s in the room. • 0 to 5 years old are entitled to complimentary breakfast; 6 to 12 Years old will be charged 50% off the buffet breakfast rate. Check-in/Check-out Time: • Hotel's standard check-in time is 2 PM and the standard check-out time is 11 AM.

See more

Breakfast Included

₱33,900
Reserve"
87,Deluxe Suite Two Bedroom,62.0,33921,Only 2 left,4,2026-10-17,2026-10-18,Weekend,1,1,2,0,PHP,Total for one night,Taxes included,https://www.simplebooking.it/ibe2/hotel/6757?lang=EN&cur=PHP&guests=A%2CA&in=2026-10-17&out=2026-10-18,2026-09-03T09:41:15,Selenium browser extraction,Best Available Rate,33921,True,Free cancellation or modification until 7 days before arrival,,7,True,"Reservation guarantee required through credit card, cash payment, or bank deposit",One room night,2:00 PM,11:00 AM,Children 12 years and below may share existing bedding. Children 0 to 5 receive complimentary breakfast. Children 6 to 12 receive 50 percent off the buffet breakfast rate.,,"Best Available Rate

INCLUSIONS: Superior to one-bedroom suites: • Overnight stay for two adults and two children aged 12 years and below • Buffet breakfast for two adults and two children aged 5 years and below • Use of hotel facilities (gym, game room, kids’ club and swimming pool), Wi-Fi access and one parking slot Two-bedrooms suites: • Overnight stay for four adults and two children aged 12 years and below • Buffet breakfast for four adults and two children aged 5 years and below • Use of hotel facilities (gym, game room, kids’ club and swimming pool), Wi-Fi access and one parking slot Presidential Villa: • Overnight stay for six adults and six children aged 12 years and below • Buffet breakfast for six adults and six children aged 5 years and below • Use of hotel facilities (gym, game room, kids’ club and swimming pool), Wi-Fi access and one parking slot TERMS AND CONDITIONS: • Rates are inclusive of applicable taxes. • Rooms are subject to availability. Prior reservation is required. • Standard extra person charges apply. The maximum capacity of each room must be observed. • A guarantee is needed to confirm the reservation, in the form of a credit card, cash payment, or bank deposit. The credit card provided will be used for pre-authorization purposes to guarantee the booking. In case another credit card is used to settle or will opt to pay in cash, reversal of the pre-authorized amount will take place within five to seven banking days. • Booking modifications or cancellations without charges will be permitted up to seven (7) days before the scheduled arrival date. Any changes to the reservation are subject to availability and rate differences. Failure to arrive or provide a late cancellation notice will result in a penalty fee equal to the cost of one (1) room night. Children Policy: • Children 12 years and below can stay and share existing bedding/s in the room. • 0 to 5 years old are entitled to complimentary breakfast; 6 to 12 Years old will be charged 50% off the buffet breakfast rate. Check-in/Check-out Time: • Hotel's standard check-in time is 2 PM and the standard check-out time is 11 AM.

See more

Breakfast Included

₱33,921
Reserve"
88,Taal Suite One Bedroom,78.0,26900,Only 1 left,4,2026-10-17,2026-10-18,Weekend,1,1,2,0,PHP,Total for one night,Taxes included,https://www.simplebooking.it/ibe2/hotel/6757?lang=EN&cur=PHP&guests=A%2CA&in=2026-10-17&out=2026-10-18,2026-09-03T09:41:15,Selenium browser extraction,Best Available Rate,26900,True,Free cancellation or modification until 7 days before arrival,,7,True,"Reservation guarantee required through credit card, cash payment, or bank deposit",One room night,2:00 PM,11:00 AM,Children 12 years and below may share existing bedding. Children 0 to 5 receive complimentary breakfast. Children 6 to 12 receive 50 percent off the buffet breakfast rate.,,"Best Available Rate

INCLUSIONS: Superior to one-bedroom suites: • Overnight stay for two adults and two children aged 12 years and below • Buffet breakfast for two adults and two children aged 5 years and below • Use of hotel facilities (gym, game room, kids’ club and swimming pool), Wi-Fi access and one parking slot Two-bedrooms suites: • Overnight stay for four adults and two children aged 12 years and below • Buffet breakfast for four adults and two children aged 5 years and below • Use of hotel facilities (gym, game room, kids’ club and swimming pool), Wi-Fi access and one parking slot Presidential Villa: • Overnight stay for six adults and six children aged 12 years and below • Buffet breakfast for six adults and six children aged 5 years and below • Use of hotel facilities (gym, game room, kids’ club and swimming pool), Wi-Fi access and one parking slot TERMS AND CONDITIONS: • Rates are inclusive of applicable taxes. • Rooms are subject to availability. Prior reservation is required. • Standard extra person charges apply. The maximum capacity of each room must be observed. • A guarantee is needed to confirm the reservation, in the form of a credit card, cash payment, or bank deposit. The credit card provided will be used for pre-authorization purposes to guarantee the booking. In case another credit card is used to settle or will opt to pay in cash, reversal of the pre-authorized amount will take place within five to seven banking days. • Booking modifications or cancellations without charges will be permitted up to seven (7) days before the scheduled arrival date. Any changes to the reservation are subject to availability and rate differences. Failure to arrive or provide a late cancellation notice will result in a penalty fee equal to the cost of one (1) room night. Children Policy: • Children 12 years and below can stay and share existing bedding/s in the room. • 0 to 5 years old are entitled to complimentary breakfast; 6 to 12 Years old will be charged 50% off the buffet breakfast rate. Check-in/Check-out Time: • Hotel's standard check-in time is 2 PM and the standard check-out time is 11 AM.

See more

Breakfast Included

₱26,900
Reserve"
89,Taal Suite Two Bedroom,112.0,38200,Only 1 left,4,2026-10-17,2026-10-18,Weekend,1,1,2,0,PHP,Total for one night,Taxes included,https://www.simplebooking.it/ibe2/hotel/6757?lang=EN&cur=PHP&guests=A%2CA&in=2026-10-17&out=2026-10-18,2026-09-03T09:41:15,Selenium browser extraction,Best Available Rate,38200,True,Free cancellation or modification until 7 days before arrival,,7,True,"Reservation guarantee required through credit card, cash payment, or bank deposit",One room night,2:00 PM,11:00 AM,Children 12 years and below may share existing bedding. Children 0 to 5 receive complimentary breakfast. Children 6 to 12 receive 50 percent off the buffet breakfast rate.,,"Best Available Rate

INCLUSIONS: Superior to one-bedroom suites: • Overnight stay for two adults and two children aged 12 years and below • Buffet breakfast for two adults and two children aged 5 years and below • Use of hotel facilities (gym, game room, kids’ club and swimming pool), Wi-Fi access and one parking slot Two-bedrooms suites: • Overnight stay for four adults and two children aged 12 years and below • Buffet breakfast for four adults and two children aged 5 years and below • Use of hotel facilities (gym, game room, kids’ club and swimming pool), Wi-Fi access and one parking slot Presidential Villa: • Overnight stay for six adults and six children aged 12 years and below • Buffet breakfast for six adults and six children aged 5 years and below • Use of hotel facilities (gym, game room, kids’ club and swimming pool), Wi-Fi access and one parking slot TERMS AND CONDITIONS: • Rates are inclusive of applicable taxes. • Rooms are subject to availability. Prior reservation is required. • Standard extra person charges apply. The maximum capacity of each room must be observed. • A guarantee is needed to confirm the reservation, in the form of a credit card, cash payment, or bank deposit. The credit card provided will be used for pre-authorization purposes to guarantee the booking. In case another credit card is used to settle or will opt to pay in cash, reversal of the pre-authorized amount will take place within five to seven banking days. • Booking modifications or cancellations without charges will be permitted up to seven (7) days before the scheduled arrival date. Any changes to the reservation are subject to availability and rate differences. Failure to arrive or provide a late cancellation notice will result in a penalty fee equal to the cost of one (1) room night. Children Policy: • Children 12 years and below can stay and share existing bedding/s in the room. • 0 to 5 years old are entitled to complimentary breakfast; 6 to 12 Years old will be charged 50% off the buffet breakfast rate. Check-in/Check-out Time: • Hotel's standard check-in time is 2 PM and the standard check-out time is 11 AM.

See more

Breakfast Included

₱38,200
Reserve"
90,Batangas Suite Two Bedroom,112.0,39200,,4,2026-10-17,2026-10-18,Weekend,1,1,2,0,PHP,Total for one night,Taxes included,https://www.simplebooking.it/ibe2/hotel/6757?lang=EN&cur=PHP&guests=A%2CA&in=2026-10-17&out=2026-10-18,2026-09-03T09:41:15,Selenium browser extraction,Best Available Rate,39200,True,Free cancellation or modification until 7 days before arrival,,7,True,"Reservation guarantee required through credit card, cash payment, or bank deposit",One room night,2:00 PM,11:00 AM,Children 12 years and below may share existing bedding. Children 0 to 5 receive complimentary breakfast. Children 6 to 12 receive 50 percent off the buffet breakfast rate.,,"Best Available Rate

INCLUSIONS: Superior to one-bedroom suites: • Overnight stay for two adults and two children aged 12 years and below • Buffet breakfast for two adults and two children aged 5 years and below • Use of hotel facilities (gym, game room, kids’ club and swimming pool), Wi-Fi access and one parking slot Two-bedrooms suites: • Overnight stay for four adults and two children aged 12 years and below • Buffet breakfast for four adults and two children aged 5 years and below • Use of hotel facilities (gym, game room, kids’ club and swimming pool), Wi-Fi access and one parking slot Presidential Villa: • Overnight stay for six adults and six children aged 12 years and below • Buffet breakfast for six adults and six children aged 5 years and below • Use of hotel facilities (gym, game room, kids’ club and swimming pool), Wi-Fi access and one parking slot TERMS AND CONDITIONS: • Rates are inclusive of applicable taxes. • Rooms are subject to availability. Prior reservation is required. • Standard extra person charges apply. The maximum capacity of each room must be observed. • A guarantee is needed to confirm the reservation, in the form of a credit card, cash payment, or bank deposit. The credit card provided will be used for pre-authorization purposes to guarantee the booking. In case another credit card is used to settle or will opt to pay in cash, reversal of the pre-authorized amount will take place within five to seven banking days. • Booking modifications or cancellations without charges will be permitted up to seven (7) days before the scheduled arrival date. Any changes to the reservation are subject to availability and rate differences. Failure to arrive or provide a late cancellation notice will result in a penalty fee equal to the cost of one (1) room night. Children Policy: • Children 12 years and below can stay and share existing bedding/s in the room. • 0 to 5 years old are entitled to complimentary breakfast; 6 to 12 Years old will be charged 50% off the buffet breakfast rate. Check-in/Check-out Time: • Hotel's standard check-in time is 2 PM and the standard check-out time is 11 AM.

See more

Breakfast Included

₱39,200
Reserve"
91,Tagaytay Suite One Bedroom,165.0,39784,Only 1 left,4,2026-10-17,2026-10-18,Weekend,1,1,2,0,PHP,Total for one night,Taxes included,https://www.simplebooking.it/ibe2/hotel/6757?lang=EN&cur=PHP&guests=A%2CA&in=2026-10-17&out=2026-10-18,2026-09-03T09:41:15,Selenium browser extraction,Best Available Rate,39784,True,Free cancellation or modification until 7 days before arrival,Displayed as 165 sqm; room description states 196 sqm,7,True,"Reservation guarantee required through credit card, cash payment, or bank deposit",One room night,2:00 PM,11:00 AM,Children 12 years and below may share existing bedding. Children 0 to 5 receive complimentary breakfast. Children 6 to 12 receive 50 percent off the buffet breakfast rate.,,"Best Available Rate

INCLUSIONS: Superior to one-bedroom suites: • Overnight stay for two adults and two children aged 12 years and below • Buffet breakfast for two adults and two children aged 5 years and below • Use of hotel facilities (gym, game room, kids’ club and swimming pool), Wi-Fi access and one parking slot Two-bedrooms suites: • Overnight stay for four adults and two children aged 12 years and below • Buffet breakfast for four adults and two children aged 5 years and below • Use of hotel facilities (gym, game room, kids’ club and swimming pool), Wi-Fi access and one parking slot Presidential Villa: • Overnight stay for six adults and six children aged 12 years and below • Buffet breakfast for six adults and six children aged 5 years and below • Use of hotel facilities (gym, game room, kids’ club and swimming pool), Wi-Fi access and one parking slot TERMS AND CONDITIONS: • Rates are inclusive of applicable taxes. • Rooms are subject to availability. Prior reservation is required. • Standard extra person charges apply. The maximum capacity of each room must be observed. • A guarantee is needed to confirm the reservation, in the form of a credit card, cash payment, or bank deposit. The credit card provided will be used for pre-authorization purposes to guarantee the booking. In case another credit card is used to settle or will opt to pay in cash, reversal of the pre-authorized amount will take place within five to seven banking days. • Booking modifications or cancellations without charges will be permitted up to seven (7) days before the scheduled arrival date. Any changes to the reservation are subject to availability and rate differences. Failure to arrive or provide a late cancellation notice will result in a penalty fee equal to the cost of one (1) room night. Children Policy: • Children 12 years and below can stay and share existing bedding/s in the room. • 0 to 5 years old are entitled to complimentary breakfast; 6 to 12 Years old will be charged 50% off the buffet breakfast rate. Check-in/Check-out Time: • Hotel's standard check-in time is 2 PM and the standard check-out time is 11 AM.

See more

Breakfast Included

₱39,784
Reserve"
92,Tagaytay Suite Two Bedroom,196.0,57900,Only 1 left,4,2026-10-17,2026-10-18,Weekend,1,1,2,0,PHP,Total for one night,Taxes included,https://www.simplebooking.it/ibe2/hotel/6757?lang=EN&cur=PHP&guests=A%2CA&in=2026-10-17&out=2026-10-18,2026-09-03T09:41:15,Selenium browser extraction,Best Available Rate,57900,True,Free cancellation or modification until 7 days before arrival,,7,True,"Reservation guarantee required through credit card, cash payment, or bank deposit",One room night,2:00 PM,11:00 AM,Children 12 years and below may share existing bedding. Children 0 to 5 receive complimentary breakfast. Children 6 to 12 receive 50 percent off the buffet breakfast rate.,,"Best Available Rate

INCLUSIONS: Superior to one-bedroom suites: • Overnight stay for two adults and two children aged 12 years and below • Buffet breakfast for two adults and two children aged 5 years and below • Use of hotel facilities (gym, game room, kids’ club and swimming pool), Wi-Fi access and one parking slot Two-bedrooms suites: • Overnight stay for four adults and two children aged 12 years and below • Buffet breakfast for four adults and two children aged 5 years and below • Use of hotel facilities (gym, game room, kids’ club and swimming pool), Wi-Fi access and one parking slot Presidential Villa: • Overnight stay for six adults and six children aged 12 years and below • Buffet breakfast for six adults and six children aged 5 years and below • Use of hotel facilities (gym, game room, kids’ club and swimming pool), Wi-Fi access and one parking slot TERMS AND CONDITIONS: • Rates are inclusive of applicable taxes. • Rooms are subject to availability. Prior reservation is required. • Standard extra person charges apply. The maximum capacity of each room must be observed. • A guarantee is needed to confirm the reservation, in the form of a credit card, cash payment, or bank deposit. The credit card provided will be used for pre-authorization purposes to guarantee the booking. In case another credit card is used to settle or will opt to pay in cash, reversal of the pre-authorized amount will take place within five to seven banking days. • Booking modifications or cancellations without charges will be permitted up to seven (7) days before the scheduled arrival date. Any changes to the reservation are subject to availability and rate differences. Failure to arrive or provide a late cancellation notice will result in a penalty fee equal to the cost of one (1) room night. Children Policy: • Children 12 years and below can stay and share existing bedding/s in the room. • 0 to 5 years old are entitled to complimentary breakfast; 6 to 12 Years old will be charged 50% off the buffet breakfast rate. Check-in/Check-out Time: • Hotel's standard check-in time is 2 PM and the standard check-out time is 11 AM.

See more

Breakfast Included

₱57,900
Reserve"
93,Presidential Villa,630.0,253400,Only 1 left,4,2026-10-17,2026-10-18,Weekend,1,1,2,0,PHP,Total for one night,Taxes included,https://www.simplebooking.it/ibe2/hotel/6757?lang=EN&cur=PHP&guests=A%2CA&in=2026-10-17&out=2026-10-18,2026-09-03T09:41:15,Selenium browser extraction,Presidential Preferred,253400,True,Nonrefundable,Displayed as 630 sqm; room description states 630.2 sqm,0,False,Full prepayment required,Full prepayment forfeited,2:00 PM,11:00 AM,Children 12 years and below may share existing bedding. Children 0 to 5 receive complimentary breakfast. Children 6 to 12 receive 50 percent off the buffet breakfast rate.,,"Presidential Preferred

INCLUSIONS: • Breakfast for 6 adults and 6 children (5 years old and below) • Choice of Filipino or Continental breakfast, served in the Villa or buffet at Veranda • Fully stocked minibar featuring a curated selection of alcoholic and non-alcoholic beverages, along with assorted refreshments • Welcome drinks • Welcome amenities • Turndown amenities •24-hour Butler service TERMS AND CONDITIONS: • Rates are inclusive of applicable taxes. • Rooms are subject to availability. Prior reservation is required. • Extra person charge is inclusive of buffet breakfast. • Booking confirmation must be presented to avail of the Kultura discount. The discount applies only to regular-priced items. It is valid only during the exact duration of the stay at Taal Vista Hotel. Not applicable to online transactions or department stores. Standard exclusions apply: food, beverages, cigars, Angeli Glass, and personal care products. • A guarantee is required to confirm the reservation and can be provided in the form of a credit card details, cash payment, or bank deposit. • Reservation requires full pre-payment to confirm. Payment is non-refundable and modification or cancellation to the reservation is not allowed. 100% pre-payment will be forfeited if you do not arrive within 24 hours of the check-in date and time of the hotel (or no show). • Standard extra person charges apply. The maximum capacity of each must be observed. Children Policy: • Children 12 years and below can stay and share existing bedding/s in the room. • 0 to 5 years old are entitled to complimentary breakfast; 6 to 12 Years old will be charged 50% off the buffet breakfast rate. Check-in/Check-out Time: • Hotel's standard check-in time is 2 PM and the standard check-out time is 11 AM.

See more
Not refundable

Breakfast Included

₱253,400
Reserve"
